-- phpMyAdmin SQL Dump
-- version 4.8.4
-- https://www.phpmyadmin.net/
--
-- Host: 127.0.0.1
-- Generation Time: May 24, 2019 at 03:06 PM
-- Server version: 10.1.37-MariaDB
-- PHP Version: 7.3.1

SET SQL_MODE = "NO_AUTO_VALUE_ON_ZERO";
SET AUTOCOMMIT = 0;
START TRANSACTION;
SET time_zone = "+00:00";


/*!40101 SET @OLD_CHARACTER_SET_CLIENT=@@CHARACTER_SET_CLIENT */;
/*!40101 SET @OLD_CHARACTER_SET_RESULTS=@@CHARACTER_SET_RESULTS */;
/*!40101 SET @OLD_COLLATION_CONNECTION=@@COLLATION_CONNECTION */;
/*!40101 SET NAMES utf8mb4 */;

--
-- Database: `komunitas`
--

-- --------------------------------------------------------

--
-- Table structure for table `comments`
--

CREATE TABLE `comments` (
  `id` bigint(20) UNSIGNED NOT NULL,
  `content` text COLLATE utf8mb4_unicode_ci NOT NULL,
  `vote` bigint(20) NOT NULL DEFAULT '0',
  `user_id` bigint(20) UNSIGNED NOT NULL,
  `post_id` bigint(20) UNSIGNED NOT NULL,
  `parent_id` bigint(20) UNSIGNED DEFAULT NULL,
  `created_at` timestamp NULL DEFAULT NULL,
  `updated_at` timestamp NULL DEFAULT NULL
) ENGINE=InnoDB DEFAULT CHARSET=utf8mb4 COLLATE=utf8mb4_unicode_ci;

--
-- Dumping data for table `comments`
--

INSERT INTO `comments` (`id`, `content`, `vote`, `user_id`, `post_id`, `parent_id`, `created_at`, `updated_at`) VALUES
(1, 'The Cat\'s head began fading away the moment he was gone, and, by the hand, it hurried off, without waiting for the Dormouse,\' thought Alice; \'I might as well go back, and barking hoarsely all the.', 89, 15, 22, NULL, '2019-05-24 04:33:59', '2019-05-24 04:33:59'),
(2, 'LITTLE BUSY BEE,\" but it all is! I\'ll try and repeat something now. Tell her to wink with one elbow against the ceiling, and had been of late much accustomed to usurpation and conquest. Edwin and.', 14, 10, 22, NULL, '2019-05-24 04:33:59', '2019-05-24 04:33:59'),
(3, 'Alice called after her. \'I\'ve something important to say!\' This sounded promising, certainly: Alice turned and came back again. \'Keep your temper,\' said the Rabbit say to itself, half to itself, \'Oh.', -72, 31, 3, NULL, '2019-05-24 04:33:59', '2019-05-24 04:33:59'),
(4, 'Latin Grammar, \'A mouse--of a mouse--to a mouse--a mouse--O mouse!\') The Mouse looked at Alice, and she was walking by the end of your nose-- What made you so awfully clever?\' \'I have answered three.', 44, 30, 29, NULL, '2019-05-24 04:33:59', '2019-05-24 04:33:59'),
(5, 'Dinah my dear! I wish I could not even room for this, and she felt very curious to see a little before she made out that she was up to the door. \'Call the first position in which the cook took the.', -28, 15, 12, NULL, '2019-05-24 04:33:59', '2019-05-24 04:33:59'),
(6, 'IN the well,\' Alice said very politely, \'for I can\'t take LESS,\' said the Duchess, \'as pigs have to ask any more questions about it, you know.\' \'Not the same size: to be two people. \'But it\'s no use.', -13, 17, 11, NULL, '2019-05-24 04:34:00', '2019-05-24 04:34:00'),
(7, 'Her listeners were perfectly quiet till she was now only ten inches high, and her face brightened up again.) \'Please your Majesty,\' said the March Hare took the hookah out of breath, and till the.', 7, 28, 7, NULL, '2019-05-24 04:34:00', '2019-05-24 04:34:00'),
(8, 'Why, I do it again and again.\' \'You are old,\' said the Mock Turtle; \'but it seems to be trampled under its feet, ran round the table, but it was sneezing and howling alternately without a porpoise.\'.', -76, 26, 12, NULL, '2019-05-24 04:34:00', '2019-05-24 04:34:00'),
(9, 'Please, Ma\'am, is this New Zealand or Australia?\' (and she tried the effect of lying down with one eye; but to open them again, and the March Hare. \'Sixteenth,\' added the Gryphon, and the moon, and.', 92, 23, 22, NULL, '2019-05-24 04:34:00', '2019-05-24 04:34:00'),
(10, 'So they couldn\'t get them out of a well?\' \'Take some more bread-and-butter--\' \'But what am I then? Tell me that first, and then the puppy jumped into the Dormouse\'s place, and Alice joined the.', 52, 17, 24, NULL, '2019-05-24 04:34:00', '2019-05-24 04:34:00'),
(11, 'King; and as for the immediate adoption of more energetic remedies--\' \'Speak English!\' said the Dormouse, not choosing to notice this last remark that had a vague sort of people live about here?\'.', -18, 11, 8, NULL, '2019-05-24 04:34:00', '2019-05-24 04:34:00'),
(12, 'What happened to you? Tell us all about for them, and the words \'EAT ME\' were beautifully marked in currants. \'Well, I\'ll eat it,\' said Alice. \'Well, I can\'t understand it myself to begin with; and.', 52, 18, 19, NULL, '2019-05-24 04:34:00', '2019-05-24 04:34:00'),
(13, 'And yet I wish I hadn\'t cried so much!\' Alas! it was written to nobody, which isn\'t usual, you know.\' It was, no doubt: only Alice did not get dry very soon. \'Ahem!\' said the White Rabbit returning.', -61, 3, 2, NULL, '2019-05-24 04:34:00', '2019-05-24 04:34:00'),
(14, 'I don\'t think,\' Alice went on muttering over the wig, (look at the corners: next the ten courtiers; these were all shaped like ears and the words \'DRINK ME,\' but nevertheless she uncorked it and put.', -15, 22, 28, NULL, '2019-05-24 04:34:00', '2019-05-24 04:34:00'),
(15, 'I chose,\' the Duchess sang the second verse of the game, the Queen had only one way up as the soldiers shouted in reply. \'That\'s right!\' shouted the Queen. \'Well, I should understand that better,\'.', 18, 31, 18, NULL, '2019-05-24 04:34:00', '2019-05-24 04:34:00'),
(16, 'Alice, and her eyes anxiously fixed on it, and kept doubling itself up and down in a low, trembling voice. \'There\'s more evidence to come down the chimney as she could not think of nothing better to.', 15, 12, 18, NULL, '2019-05-24 04:34:00', '2019-05-24 04:34:00'),
(17, 'Some of the lefthand bit of mushroom, and her eyes to see the Hatter replied. \'Of course you don\'t!\' the Hatter went on saying to herself, being rather proud of it: for she was nine feet high. \'I.', -25, 24, 13, NULL, '2019-05-24 04:34:00', '2019-05-24 04:34:00'),
(18, 'King. \'Then it wasn\'t trouble enough hatching the eggs,\' said the March Hare, \'that \"I like what I eat\" is the capital of Rome, and Rome--no, THAT\'S all wrong, I\'m certain! I must be really.', -87, 21, 13, NULL, '2019-05-24 04:34:00', '2019-05-24 04:34:00'),
(19, 'As she said to the Knave of Hearts, and I had to run back into the Dormouse\'s place, and Alice looked all round her, calling out in a hoarse, feeble voice: \'I heard the Queen to play croquet.\' The.', -2, 21, 2, NULL, '2019-05-24 04:34:00', '2019-05-24 04:34:00'),
(20, 'I know THAT well enough; and what does it matter to me whether you\'re a little house in it about four feet high. \'I wish I had our Dinah here, I know is, it would be so proud as all that.\' \'Well.', -45, 22, 25, NULL, '2019-05-24 04:34:00', '2019-05-24 04:34:00'),
(21, 'Queen said severely \'Who is this?\' She said the Mock Turtle Soup is made from,\' said the Gryphon. \'--you advance twice--\' \'Each with a soldier on each side, and opened their eyes and mouths so VERY.', 100, 29, 19, NULL, '2019-05-24 04:34:00', '2019-05-24 04:34:00'),
(22, 'Duchess?\' \'Hush! Hush!\' said the cook. \'Treacle,\' said the Queen, and in a minute, trying to fix on one, the cook till his eyes very wide on hearing this; but all he SAID was, \'Why is a raven like a.', -68, 9, 25, NULL, '2019-05-24 04:34:00', '2019-05-24 04:34:00'),
(23, 'King, the Queen, who had been all the rats and--oh dear!\' cried Alice in a day or two: wouldn\'t it be murder to leave off this minute!\' She generally gave herself very good height indeed!\' said the.', -16, 11, 10, NULL, '2019-05-24 04:34:00', '2019-05-24 04:34:00'),
(24, 'And concluded the banquet--] \'What IS a long silence after this, and she went on, yawning and rubbing its eyes, for it to his ear. Alice considered a little timidly: \'but it\'s no use now,\' thought.', 64, 11, 2, NULL, '2019-05-24 04:34:00', '2019-05-24 04:34:00'),
(25, 'Seaography: then Drawling--the Drawling-master was an old Crab took the hookah out of breath, and said to herself how she would manage it. \'They were learning to draw, you know--\' (pointing with his.', -57, 13, 4, NULL, '2019-05-24 04:34:00', '2019-05-24 04:34:00'),
(26, 'She went in search of her going, though she looked down into a tree. By the time she had been wandering, when a cry of \'The trial\'s beginning!\' was heard in the same height as herself; and when.', -29, 27, 8, NULL, '2019-05-24 04:34:01', '2019-05-24 04:34:01'),
(27, 'Alice quietly said, just as I used--and I don\'t keep the same when I got up this morning, but I THINK I can go back and see how he can thoroughly enjoy The pepper when he sneezes: He only does it to.', -73, 27, 1, NULL, '2019-05-24 04:34:01', '2019-05-24 04:34:01'),
(28, 'She was walking by the pope, was soon left alone. \'I wish I hadn\'t quite finished my tea when I learn music.\' \'Ah! that accounts for it,\' said the King. \'Nearly two miles high,\' added the Queen.', -80, 25, 21, NULL, '2019-05-24 04:34:01', '2019-05-24 04:34:01'),
(29, 'The Queen smiled and passed on. \'Who ARE you doing out here? Run home this moment, and fetch me a good deal until she had got so much already, that it was in March.\' As she said to live. \'I\'ve seen.', 60, 3, 23, NULL, '2019-05-24 04:34:01', '2019-05-24 04:34:01'),
(30, 'I\'m opening out like the look of the creature, but on the whole party at once crowded round her, calling out in a VERY unpleasant state of mind, she turned to the table to measure herself by it, and.', -1, 24, 23, NULL, '2019-05-24 04:34:01', '2019-05-24 04:34:01');

-- --------------------------------------------------------

--
-- Table structure for table `comunities`
--

CREATE TABLE `comunities` (
  `id` bigint(20) UNSIGNED NOT NULL,
  `banner` varchar(191) COLLATE utf8mb4_unicode_ci NOT NULL,
  `type` varchar(191) COLLATE utf8mb4_unicode_ci NOT NULL,
  `name` varchar(191) COLLATE utf8mb4_unicode_ci NOT NULL,
  `followers` bigint(20) NOT NULL,
  `created_at` timestamp NULL DEFAULT NULL,
  `updated_at` timestamp NULL DEFAULT NULL
) ENGINE=InnoDB DEFAULT CHARSET=utf8mb4 COLLATE=utf8mb4_unicode_ci;

--
-- Dumping data for table `comunities`
--

INSERT INTO `comunities` (`id`, `banner`, `type`, `name`, `followers`, `created_at`, `updated_at`) VALUES
(1, 'avatars/1.png', 'facere', 'dolores', 633, '2019-05-24 04:31:58', '2019-05-24 04:31:58'),
(2, 'avatars/1.png', 'saepe', 'numquam', 638, '2019-05-24 04:31:59', '2019-05-24 04:31:59'),
(3, 'avatars/1.png', 'molestiae', 'aut', 31, '2019-05-24 04:31:59', '2019-05-24 04:31:59'),
(4, 'avatars/1.png', 'assumenda', 'ducimus', 3444, '2019-05-24 04:31:59', '2019-05-24 04:31:59'),
(5, 'avatars/1.png', 'qui', 'itaque', 2438, '2019-05-24 04:31:59', '2019-05-24 04:31:59'),
(6, 'avatars/1.png', 'eos', 'sequi', 966, '2019-05-24 04:31:59', '2019-05-24 04:31:59'),
(7, 'avatars/1.png', 'quia', 'non', 4640, '2019-05-24 04:31:59', '2019-05-24 04:31:59'),
(8, 'avatars/1.png', 'qui', 'quis', 3432, '2019-05-24 04:31:59', '2019-05-24 04:31:59'),
(9, 'avatars/1.png', 'est', 'minima', 4485, '2019-05-24 04:31:59', '2019-05-24 04:31:59'),
(10, 'avatars/1.png', 'corrupti', 'amet', 2870, '2019-05-24 04:31:59', '2019-05-24 04:31:59'),
(11, 'avatars/1.png', 'sit', 'facilis', 2150, '2019-05-24 04:31:59', '2019-05-24 04:31:59'),
(12, 'avatars/1.png', 'inventore', 'dolor', 4559, '2019-05-24 04:31:59', '2019-05-24 04:31:59'),
(13, 'avatars/1.png', 'dolores', 'sed', 3906, '2019-05-24 04:31:59', '2019-05-24 04:31:59'),
(14, 'avatars/1.png', 'nemo', 'sed', 4625, '2019-05-24 04:31:59', '2019-05-24 04:31:59'),
(15, 'avatars/1.png', 'non', 'quia', 1363, '2019-05-24 04:31:59', '2019-05-24 04:31:59'),
(16, 'avatars/1.png', 'sint', 'commodi', 4623, '2019-05-24 04:31:59', '2019-05-24 04:31:59'),
(17, 'avatars/1.png', 'omnis', 'quo', 3559, '2019-05-24 04:31:59', '2019-05-24 04:31:59'),
(18, 'avatars/1.png', 'aut', 'ut', 1644, '2019-05-24 04:31:59', '2019-05-24 04:31:59'),
(19, 'avatars/1.png', 'dolores', 'labore', 2203, '2019-05-24 04:31:59', '2019-05-24 04:31:59'),
(20, 'avatars/1.png', 'repellendus', 'molestiae', 2926, '2019-05-24 04:31:59', '2019-05-24 04:31:59'),
(21, 'avatars/1.png', 'quisquam', 'aut', 1853, '2019-05-24 04:31:59', '2019-05-24 04:31:59'),
(22, 'avatars/1.png', 'dolores', 'rem', 4526, '2019-05-24 04:31:59', '2019-05-24 04:31:59'),
(23, 'avatars/1.png', 'accusantium', 'blanditiis', 678, '2019-05-24 04:31:59', '2019-05-24 04:31:59'),
(24, 'avatars/1.png', 'ducimus', 'in', 2142, '2019-05-24 04:31:59', '2019-05-24 04:31:59'),
(25, 'avatars/1.png', 'quibusdam', 'iusto', 1524, '2019-05-24 04:32:00', '2019-05-24 04:32:00'),
(26, 'avatars/1.png', 'omnis', 'quia', 698, '2019-05-24 04:32:00', '2019-05-24 04:32:00'),
(27, 'avatars/1.png', 'non', 'non', 2973, '2019-05-24 04:32:00', '2019-05-24 04:32:00'),
(28, 'avatars/1.png', 'iste', 'odit', 4184, '2019-05-24 04:32:00', '2019-05-24 04:32:00'),
(29, 'avatars/1.png', 'deleniti', 'sit', 1066, '2019-05-24 04:32:00', '2019-05-24 04:32:00'),
(30, 'avatars/1.png', 'suscipit', 'cupiditate', 3807, '2019-05-24 04:32:00', '2019-05-24 04:32:00');

-- --------------------------------------------------------

--
-- Table structure for table `eventcomunity`
--

CREATE TABLE `eventcomunity` (
  `id` bigint(20) UNSIGNED NOT NULL,
  `event_id` bigint(20) UNSIGNED NOT NULL,
  `comunity_id` bigint(20) UNSIGNED NOT NULL,
  `created_at` timestamp NULL DEFAULT NULL,
  `updated_at` timestamp NULL DEFAULT NULL
) ENGINE=InnoDB DEFAULT CHARSET=utf8mb4 COLLATE=utf8mb4_unicode_ci;

--
-- Dumping data for table `eventcomunity`
--

INSERT INTO `eventcomunity` (`id`, `event_id`, `comunity_id`, `created_at`, `updated_at`) VALUES
(1, 14, 21, '2019-05-24 04:33:38', '2019-05-24 04:33:38'),
(2, 17, 4, '2019-05-24 04:33:38', '2019-05-24 04:33:38'),
(3, 22, 26, '2019-05-24 04:33:38', '2019-05-24 04:33:38'),
(4, 15, 8, '2019-05-24 04:33:39', '2019-05-24 04:33:39'),
(5, 2, 3, '2019-05-24 04:33:39', '2019-05-24 04:33:39'),
(6, 23, 4, '2019-05-24 04:33:39', '2019-05-24 04:33:39'),
(7, 4, 7, '2019-05-24 04:33:39', '2019-05-24 04:33:39'),
(8, 20, 24, '2019-05-24 04:33:39', '2019-05-24 04:33:39'),
(9, 29, 19, '2019-05-24 04:33:39', '2019-05-24 04:33:39'),
(10, 20, 5, '2019-05-24 04:33:39', '2019-05-24 04:33:39'),
(11, 1, 1, '2019-05-24 04:33:39', '2019-05-24 04:33:39'),
(12, 5, 17, '2019-05-24 04:33:39', '2019-05-24 04:33:39'),
(13, 14, 30, '2019-05-24 04:33:39', '2019-05-24 04:33:39'),
(14, 9, 13, '2019-05-24 04:33:39', '2019-05-24 04:33:39'),
(15, 19, 4, '2019-05-24 04:33:39', '2019-05-24 04:33:39'),
(16, 28, 14, '2019-05-24 04:33:39', '2019-05-24 04:33:39'),
(17, 18, 26, '2019-05-24 04:33:39', '2019-05-24 04:33:39'),
(18, 24, 6, '2019-05-24 04:33:40', '2019-05-24 04:33:40'),
(19, 17, 19, '2019-05-24 04:33:40', '2019-05-24 04:33:40'),
(20, 5, 26, '2019-05-24 04:33:40', '2019-05-24 04:33:40'),
(21, 20, 5, '2019-05-24 04:33:40', '2019-05-24 04:33:40'),
(22, 15, 9, '2019-05-24 04:33:40', '2019-05-24 04:33:40'),
(23, 12, 15, '2019-05-24 04:33:40', '2019-05-24 04:33:40'),
(24, 1, 11, '2019-05-24 04:33:40', '2019-05-24 04:33:40'),
(25, 11, 26, '2019-05-24 04:33:40', '2019-05-24 04:33:40'),
(26, 25, 20, '2019-05-24 04:33:40', '2019-05-24 04:33:40'),
(27, 21, 26, '2019-05-24 04:33:40', '2019-05-24 04:33:40'),
(28, 28, 12, '2019-05-24 04:33:40', '2019-05-24 04:33:40'),
(29, 23, 30, '2019-05-24 04:33:40', '2019-05-24 04:33:40'),
(30, 5, 27, '2019-05-24 04:33:41', '2019-05-24 04:33:41'),
(31, 6, 6, '2019-05-24 04:33:41', '2019-05-24 04:33:41'),
(32, 19, 11, '2019-05-24 04:33:41', '2019-05-24 04:33:41'),
(33, 25, 30, '2019-05-24 04:33:41', '2019-05-24 04:33:41'),
(34, 3, 9, '2019-05-24 04:33:41', '2019-05-24 04:33:41'),
(35, 4, 6, '2019-05-24 04:33:41', '2019-05-24 04:33:41'),
(36, 13, 29, '2019-05-24 04:33:41', '2019-05-24 04:33:41'),
(37, 28, 17, '2019-05-24 04:33:41', '2019-05-24 04:33:41'),
(38, 22, 13, '2019-05-24 04:33:41', '2019-05-24 04:33:41'),
(39, 18, 19, '2019-05-24 04:33:41', '2019-05-24 04:33:41'),
(40, 17, 9, '2019-05-24 04:33:41', '2019-05-24 04:33:41'),
(41, 8, 12, '2019-05-24 04:33:41', '2019-05-24 04:33:41'),
(42, 20, 28, '2019-05-24 04:33:42', '2019-05-24 04:33:42'),
(43, 3, 15, '2019-05-24 04:33:42', '2019-05-24 04:33:42'),
(44, 27, 11, '2019-05-24 04:33:42', '2019-05-24 04:33:42'),
(45, 27, 18, '2019-05-24 04:33:42', '2019-05-24 04:33:42'),
(46, 1, 27, '2019-05-24 04:33:42', '2019-05-24 04:33:42'),
(47, 14, 4, '2019-05-24 04:33:42', '2019-05-24 04:33:42'),
(48, 8, 22, '2019-05-24 04:33:42', '2019-05-24 04:33:42'),
(49, 24, 17, '2019-05-24 04:33:42', '2019-05-24 04:33:42'),
(50, 10, 17, '2019-05-24 04:33:42', '2019-05-24 04:33:42'),
(51, 9, 25, '2019-05-24 04:33:43', '2019-05-24 04:33:43'),
(52, 20, 29, '2019-05-24 04:33:43', '2019-05-24 04:33:43'),
(53, 12, 17, '2019-05-24 04:33:43', '2019-05-24 04:33:43'),
(54, 10, 17, '2019-05-24 04:33:43', '2019-05-24 04:33:43'),
(55, 30, 24, '2019-05-24 04:33:43', '2019-05-24 04:33:43'),
(56, 3, 8, '2019-05-24 04:33:43', '2019-05-24 04:33:43'),
(57, 23, 20, '2019-05-24 04:33:43', '2019-05-24 04:33:43'),
(58, 27, 23, '2019-05-24 04:33:43', '2019-05-24 04:33:43'),
(59, 10, 7, '2019-05-24 04:33:43', '2019-05-24 04:33:43'),
(60, 14, 13, '2019-05-24 04:33:43', '2019-05-24 04:33:43'),
(61, 19, 21, '2019-05-24 04:33:44', '2019-05-24 04:33:44'),
(62, 21, 22, '2019-05-24 04:33:44', '2019-05-24 04:33:44'),
(63, 16, 24, '2019-05-24 04:33:44', '2019-05-24 04:33:44'),
(64, 8, 9, '2019-05-24 04:33:44', '2019-05-24 04:33:44'),
(65, 13, 13, '2019-05-24 04:33:44', '2019-05-24 04:33:44'),
(66, 10, 8, '2019-05-24 04:33:44', '2019-05-24 04:33:44'),
(67, 27, 7, '2019-05-24 04:33:44', '2019-05-24 04:33:44'),
(68, 9, 15, '2019-05-24 04:33:44', '2019-05-24 04:33:44'),
(69, 21, 17, '2019-05-24 04:33:44', '2019-05-24 04:33:44'),
(70, 14, 5, '2019-05-24 04:33:45', '2019-05-24 04:33:45'),
(71, 27, 2, '2019-05-24 04:33:45', '2019-05-24 04:33:45'),
(72, 1, 14, '2019-05-24 04:33:45', '2019-05-24 04:33:45'),
(73, 12, 10, '2019-05-24 04:33:45', '2019-05-24 04:33:45'),
(74, 27, 19, '2019-05-24 04:33:45', '2019-05-24 04:33:45'),
(75, 15, 11, '2019-05-24 04:33:45', '2019-05-24 04:33:45'),
(76, 12, 28, '2019-05-24 04:33:45', '2019-05-24 04:33:45'),
(77, 25, 7, '2019-05-24 04:33:45', '2019-05-24 04:33:45'),
(78, 26, 14, '2019-05-24 04:33:45', '2019-05-24 04:33:45'),
(79, 13, 7, '2019-05-24 04:33:45', '2019-05-24 04:33:45'),
(80, 9, 1, '2019-05-24 04:33:45', '2019-05-24 04:33:45'),
(81, 16, 5, '2019-05-24 04:33:46', '2019-05-24 04:33:46'),
(82, 6, 25, '2019-05-24 04:33:46', '2019-05-24 04:33:46'),
(83, 25, 8, '2019-05-24 04:33:46', '2019-05-24 04:33:46'),
(84, 3, 23, '2019-05-24 04:33:46', '2019-05-24 04:33:46'),
(85, 4, 15, '2019-05-24 04:33:46', '2019-05-24 04:33:46'),
(86, 6, 3, '2019-05-24 04:33:46', '2019-05-24 04:33:46'),
(87, 14, 2, '2019-05-24 04:33:46', '2019-05-24 04:33:46'),
(88, 3, 26, '2019-05-24 04:33:46', '2019-05-24 04:33:46'),
(89, 12, 13, '2019-05-24 04:33:46', '2019-05-24 04:33:46'),
(90, 12, 30, '2019-05-24 04:33:46', '2019-05-24 04:33:46'),
(91, 29, 15, '2019-05-24 04:33:46', '2019-05-24 04:33:46'),
(92, 18, 19, '2019-05-24 04:33:47', '2019-05-24 04:33:47'),
(93, 20, 26, '2019-05-24 04:33:47', '2019-05-24 04:33:47'),
(94, 28, 2, '2019-05-24 04:33:47', '2019-05-24 04:33:47'),
(95, 11, 1, '2019-05-24 04:33:47', '2019-05-24 04:33:47'),
(96, 3, 21, '2019-05-24 04:33:47', '2019-05-24 04:33:47'),
(97, 10, 29, '2019-05-24 04:33:47', '2019-05-24 04:33:47'),
(98, 14, 1, '2019-05-24 04:33:47', '2019-05-24 04:33:47'),
(99, 4, 10, '2019-05-24 04:33:47', '2019-05-24 04:33:47'),
(100, 8, 10, '2019-05-24 04:33:47', '2019-05-24 04:33:47'),
(101, 27, 12, '2019-05-24 04:33:48', '2019-05-24 04:33:48'),
(102, 15, 23, '2019-05-24 04:33:48', '2019-05-24 04:33:48'),
(103, 21, 8, '2019-05-24 04:33:48', '2019-05-24 04:33:48'),
(104, 16, 6, '2019-05-24 04:33:48', '2019-05-24 04:33:48'),
(105, 13, 14, '2019-05-24 04:33:48', '2019-05-24 04:33:48'),
(106, 15, 19, '2019-05-24 04:33:48', '2019-05-24 04:33:48'),
(107, 7, 11, '2019-05-24 04:33:48', '2019-05-24 04:33:48'),
(108, 26, 10, '2019-05-24 04:33:48', '2019-05-24 04:33:48'),
(109, 7, 23, '2019-05-24 04:33:48', '2019-05-24 04:33:48'),
(110, 3, 25, '2019-05-24 04:33:48', '2019-05-24 04:33:48'),
(111, 26, 6, '2019-05-24 04:33:48', '2019-05-24 04:33:48'),
(112, 27, 4, '2019-05-24 04:33:48', '2019-05-24 04:33:48'),
(113, 9, 26, '2019-05-24 04:33:48', '2019-05-24 04:33:48'),
(114, 6, 23, '2019-05-24 04:33:48', '2019-05-24 04:33:48'),
(115, 24, 9, '2019-05-24 04:33:49', '2019-05-24 04:33:49'),
(116, 26, 6, '2019-05-24 04:33:49', '2019-05-24 04:33:49'),
(117, 17, 14, '2019-05-24 04:33:49', '2019-05-24 04:33:49'),
(118, 28, 21, '2019-05-24 04:33:49', '2019-05-24 04:33:49'),
(119, 23, 22, '2019-05-24 04:33:49', '2019-05-24 04:33:49'),
(120, 1, 28, '2019-05-24 04:33:49', '2019-05-24 04:33:49'),
(121, 24, 17, '2019-05-24 04:33:49', '2019-05-24 04:33:49'),
(122, 4, 15, '2019-05-24 04:33:49', '2019-05-24 04:33:49'),
(123, 9, 6, '2019-05-24 04:33:49', '2019-05-24 04:33:49'),
(124, 19, 7, '2019-05-24 04:33:49', '2019-05-24 04:33:49'),
(125, 16, 6, '2019-05-24 04:33:49', '2019-05-24 04:33:49'),
(126, 18, 16, '2019-05-24 04:33:49', '2019-05-24 04:33:49'),
(127, 11, 6, '2019-05-24 04:33:49', '2019-05-24 04:33:49'),
(128, 11, 25, '2019-05-24 04:33:49', '2019-05-24 04:33:49'),
(129, 25, 3, '2019-05-24 04:33:49', '2019-05-24 04:33:49'),
(130, 13, 12, '2019-05-24 04:33:49', '2019-05-24 04:33:49'),
(131, 22, 1, '2019-05-24 04:33:49', '2019-05-24 04:33:49'),
(132, 15, 20, '2019-05-24 04:33:50', '2019-05-24 04:33:50'),
(133, 9, 4, '2019-05-24 04:33:50', '2019-05-24 04:33:50'),
(134, 23, 4, '2019-05-24 04:33:50', '2019-05-24 04:33:50'),
(135, 12, 16, '2019-05-24 04:33:50', '2019-05-24 04:33:50'),
(136, 8, 17, '2019-05-24 04:33:50', '2019-05-24 04:33:50'),
(137, 6, 30, '2019-05-24 04:33:50', '2019-05-24 04:33:50'),
(138, 19, 11, '2019-05-24 04:33:50', '2019-05-24 04:33:50'),
(139, 28, 9, '2019-05-24 04:33:50', '2019-05-24 04:33:50'),
(140, 5, 16, '2019-05-24 04:33:50', '2019-05-24 04:33:50'),
(141, 8, 4, '2019-05-24 04:33:50', '2019-05-24 04:33:50'),
(142, 10, 27, '2019-05-24 04:33:50', '2019-05-24 04:33:50'),
(143, 30, 8, '2019-05-24 04:33:50', '2019-05-24 04:33:50'),
(144, 22, 4, '2019-05-24 04:33:50', '2019-05-24 04:33:50'),
(145, 29, 23, '2019-05-24 04:33:50', '2019-05-24 04:33:50'),
(146, 8, 5, '2019-05-24 04:33:50', '2019-05-24 04:33:50'),
(147, 30, 13, '2019-05-24 04:33:50', '2019-05-24 04:33:50'),
(148, 6, 24, '2019-05-24 04:33:50', '2019-05-24 04:33:50'),
(149, 7, 13, '2019-05-24 04:33:50', '2019-05-24 04:33:50'),
(150, 26, 23, '2019-05-24 04:33:50', '2019-05-24 04:33:50'),
(151, 20, 28, '2019-05-24 04:33:50', '2019-05-24 04:33:50'),
(152, 25, 2, '2019-05-24 04:33:50', '2019-05-24 04:33:50'),
(153, 1, 1, '2019-05-24 04:33:51', '2019-05-24 04:33:51'),
(154, 4, 30, '2019-05-24 04:33:51', '2019-05-24 04:33:51'),
(155, 20, 29, '2019-05-24 04:33:51', '2019-05-24 04:33:51'),
(156, 24, 16, '2019-05-24 04:33:51', '2019-05-24 04:33:51'),
(157, 3, 7, '2019-05-24 04:33:51', '2019-05-24 04:33:51'),
(158, 27, 14, '2019-05-24 04:33:51', '2019-05-24 04:33:51'),
(159, 7, 29, '2019-05-24 04:33:51', '2019-05-24 04:33:51'),
(160, 13, 5, '2019-05-24 04:33:51', '2019-05-24 04:33:51'),
(161, 1, 25, '2019-05-24 04:33:51', '2019-05-24 04:33:51'),
(162, 10, 23, '2019-05-24 04:33:51', '2019-05-24 04:33:51'),
(163, 23, 11, '2019-05-24 04:33:51', '2019-05-24 04:33:51'),
(164, 30, 18, '2019-05-24 04:33:51', '2019-05-24 04:33:51'),
(165, 19, 12, '2019-05-24 04:33:51', '2019-05-24 04:33:51'),
(166, 26, 18, '2019-05-24 04:33:51', '2019-05-24 04:33:51'),
(167, 18, 20, '2019-05-24 04:33:52', '2019-05-24 04:33:52'),
(168, 28, 14, '2019-05-24 04:33:52', '2019-05-24 04:33:52'),
(169, 28, 10, '2019-05-24 04:33:52', '2019-05-24 04:33:52'),
(170, 1, 8, '2019-05-24 04:33:52', '2019-05-24 04:33:52'),
(171, 10, 21, '2019-05-24 04:33:52', '2019-05-24 04:33:52'),
(172, 4, 22, '2019-05-24 04:33:52', '2019-05-24 04:33:52'),
(173, 21, 28, '2019-05-24 04:33:52', '2019-05-24 04:33:52'),
(174, 4, 6, '2019-05-24 04:33:52', '2019-05-24 04:33:52'),
(175, 24, 5, '2019-05-24 04:33:52', '2019-05-24 04:33:52'),
(176, 15, 12, '2019-05-24 04:33:52', '2019-05-24 04:33:52'),
(177, 10, 12, '2019-05-24 04:33:52', '2019-05-24 04:33:52'),
(178, 22, 3, '2019-05-24 04:33:52', '2019-05-24 04:33:52'),
(179, 5, 21, '2019-05-24 04:33:52', '2019-05-24 04:33:52'),
(180, 12, 2, '2019-05-24 04:33:52', '2019-05-24 04:33:52'),
(181, 10, 28, '2019-05-24 04:33:52', '2019-05-24 04:33:52'),
(182, 28, 1, '2019-05-24 04:33:52', '2019-05-24 04:33:52'),
(183, 9, 27, '2019-05-24 04:33:52', '2019-05-24 04:33:52'),
(184, 14, 7, '2019-05-24 04:33:53', '2019-05-24 04:33:53'),
(185, 25, 27, '2019-05-24 04:33:53', '2019-05-24 04:33:53'),
(186, 18, 27, '2019-05-24 04:33:53', '2019-05-24 04:33:53'),
(187, 13, 18, '2019-05-24 04:33:53', '2019-05-24 04:33:53'),
(188, 24, 26, '2019-05-24 04:33:53', '2019-05-24 04:33:53'),
(189, 20, 25, '2019-05-24 04:33:53', '2019-05-24 04:33:53'),
(190, 12, 30, '2019-05-24 04:33:53', '2019-05-24 04:33:53'),
(191, 12, 18, '2019-05-24 04:33:53', '2019-05-24 04:33:53'),
(192, 9, 19, '2019-05-24 04:33:53', '2019-05-24 04:33:53'),
(193, 21, 10, '2019-05-24 04:33:53', '2019-05-24 04:33:53'),
(194, 26, 9, '2019-05-24 04:33:53', '2019-05-24 04:33:53'),
(195, 29, 10, '2019-05-24 04:33:53', '2019-05-24 04:33:53'),
(196, 18, 30, '2019-05-24 04:33:53', '2019-05-24 04:33:53'),
(197, 21, 22, '2019-05-24 04:33:53', '2019-05-24 04:33:53'),
(198, 30, 12, '2019-05-24 04:33:53', '2019-05-24 04:33:53'),
(199, 20, 27, '2019-05-24 04:33:53', '2019-05-24 04:33:53'),
(200, 9, 21, '2019-05-24 04:33:53', '2019-05-24 04:33:53'),
(201, 12, 29, '2019-05-24 04:33:53', '2019-05-24 04:33:53'),
(202, 26, 30, '2019-05-24 04:33:53', '2019-05-24 04:33:53'),
(203, 27, 6, '2019-05-24 04:33:54', '2019-05-24 04:33:54'),
(204, 5, 7, '2019-05-24 04:33:54', '2019-05-24 04:33:54'),
(205, 30, 13, '2019-05-24 04:33:54', '2019-05-24 04:33:54'),
(206, 7, 23, '2019-05-24 04:33:54', '2019-05-24 04:33:54'),
(207, 2, 16, '2019-05-24 04:33:54', '2019-05-24 04:33:54'),
(208, 1, 28, '2019-05-24 04:33:54', '2019-05-24 04:33:54'),
(209, 24, 6, '2019-05-24 04:33:54', '2019-05-24 04:33:54'),
(210, 5, 13, '2019-05-24 04:33:54', '2019-05-24 04:33:54'),
(211, 3, 7, '2019-05-24 04:33:54', '2019-05-24 04:33:54'),
(212, 12, 6, '2019-05-24 04:33:54', '2019-05-24 04:33:54'),
(213, 11, 17, '2019-05-24 04:33:54', '2019-05-24 04:33:54'),
(214, 5, 10, '2019-05-24 04:33:54', '2019-05-24 04:33:54'),
(215, 16, 25, '2019-05-24 04:33:54', '2019-05-24 04:33:54'),
(216, 4, 22, '2019-05-24 04:33:54', '2019-05-24 04:33:54'),
(217, 22, 5, '2019-05-24 04:33:54', '2019-05-24 04:33:54'),
(218, 11, 27, '2019-05-24 04:33:54', '2019-05-24 04:33:54'),
(219, 22, 4, '2019-05-24 04:33:55', '2019-05-24 04:33:55'),
(220, 23, 15, '2019-05-24 04:33:55', '2019-05-24 04:33:55'),
(221, 22, 13, '2019-05-24 04:33:55', '2019-05-24 04:33:55'),
(222, 1, 20, '2019-05-24 04:33:55', '2019-05-24 04:33:55'),
(223, 24, 5, '2019-05-24 04:33:55', '2019-05-24 04:33:55'),
(224, 2, 12, '2019-05-24 04:33:55', '2019-05-24 04:33:55'),
(225, 29, 4, '2019-05-24 04:33:55', '2019-05-24 04:33:55'),
(226, 2, 4, '2019-05-24 04:33:55', '2019-05-24 04:33:55'),
(227, 14, 14, '2019-05-24 04:33:55', '2019-05-24 04:33:55'),
(228, 10, 26, '2019-05-24 04:33:55', '2019-05-24 04:33:55'),
(229, 17, 15, '2019-05-24 04:33:55', '2019-05-24 04:33:55'),
(230, 21, 3, '2019-05-24 04:33:55', '2019-05-24 04:33:55'),
(231, 3, 5, '2019-05-24 04:33:55', '2019-05-24 04:33:55'),
(232, 28, 16, '2019-05-24 04:33:55', '2019-05-24 04:33:55'),
(233, 1, 27, '2019-05-24 04:33:55', '2019-05-24 04:33:55'),
(234, 12, 6, '2019-05-24 04:33:55', '2019-05-24 04:33:55'),
(235, 21, 28, '2019-05-24 04:33:55', '2019-05-24 04:33:55'),
(236, 10, 23, '2019-05-24 04:33:55', '2019-05-24 04:33:55'),
(237, 12, 18, '2019-05-24 04:33:56', '2019-05-24 04:33:56'),
(238, 14, 20, '2019-05-24 04:33:56', '2019-05-24 04:33:56'),
(239, 11, 13, '2019-05-24 04:33:56', '2019-05-24 04:33:56'),
(240, 3, 16, '2019-05-24 04:33:56', '2019-05-24 04:33:56'),
(241, 29, 25, '2019-05-24 04:33:56', '2019-05-24 04:33:56'),
(242, 29, 12, '2019-05-24 04:33:56', '2019-05-24 04:33:56'),
(243, 20, 11, '2019-05-24 04:33:56', '2019-05-24 04:33:56'),
(244, 20, 8, '2019-05-24 04:33:56', '2019-05-24 04:33:56'),
(245, 1, 10, '2019-05-24 04:33:56', '2019-05-24 04:33:56'),
(246, 19, 16, '2019-05-24 04:33:56', '2019-05-24 04:33:56'),
(247, 29, 21, '2019-05-24 04:33:56', '2019-05-24 04:33:56'),
(248, 25, 1, '2019-05-24 04:33:56', '2019-05-24 04:33:56'),
(249, 14, 18, '2019-05-24 04:33:56', '2019-05-24 04:33:56'),
(250, 10, 5, '2019-05-24 04:33:56', '2019-05-24 04:33:56'),
(251, 30, 6, '2019-05-24 04:33:56', '2019-05-24 04:33:56'),
(252, 12, 22, '2019-05-24 04:33:56', '2019-05-24 04:33:56'),
(253, 22, 3, '2019-05-24 04:33:56', '2019-05-24 04:33:56'),
(254, 19, 16, '2019-05-24 04:33:56', '2019-05-24 04:33:56'),
(255, 13, 11, '2019-05-24 04:33:56', '2019-05-24 04:33:56'),
(256, 25, 23, '2019-05-24 04:33:57', '2019-05-24 04:33:57'),
(257, 4, 30, '2019-05-24 04:33:57', '2019-05-24 04:33:57'),
(258, 5, 14, '2019-05-24 04:33:57', '2019-05-24 04:33:57'),
(259, 16, 26, '2019-05-24 04:33:57', '2019-05-24 04:33:57'),
(260, 15, 29, '2019-05-24 04:33:57', '2019-05-24 04:33:57'),
(261, 7, 28, '2019-05-24 04:33:57', '2019-05-24 04:33:57'),
(262, 13, 11, '2019-05-24 04:33:57', '2019-05-24 04:33:57'),
(263, 14, 18, '2019-05-24 04:33:57', '2019-05-24 04:33:57'),
(264, 29, 14, '2019-05-24 04:33:57', '2019-05-24 04:33:57'),
(265, 23, 6, '2019-05-24 04:33:57', '2019-05-24 04:33:57'),
(266, 17, 12, '2019-05-24 04:33:57', '2019-05-24 04:33:57'),
(267, 4, 27, '2019-05-24 04:33:57', '2019-05-24 04:33:57'),
(268, 19, 6, '2019-05-24 04:33:57', '2019-05-24 04:33:57'),
(269, 12, 21, '2019-05-24 04:33:57', '2019-05-24 04:33:57'),
(270, 8, 8, '2019-05-24 04:33:57', '2019-05-24 04:33:57'),
(271, 22, 27, '2019-05-24 04:33:57', '2019-05-24 04:33:57'),
(272, 18, 23, '2019-05-24 04:33:57', '2019-05-24 04:33:57'),
(273, 13, 19, '2019-05-24 04:33:57', '2019-05-24 04:33:57'),
(274, 11, 1, '2019-05-24 04:33:57', '2019-05-24 04:33:57'),
(275, 9, 25, '2019-05-24 04:33:57', '2019-05-24 04:33:57'),
(276, 22, 18, '2019-05-24 04:33:58', '2019-05-24 04:33:58'),
(277, 2, 21, '2019-05-24 04:33:58', '2019-05-24 04:33:58'),
(278, 26, 25, '2019-05-24 04:33:58', '2019-05-24 04:33:58'),
(279, 26, 18, '2019-05-24 04:33:58', '2019-05-24 04:33:58'),
(280, 22, 20, '2019-05-24 04:33:58', '2019-05-24 04:33:58'),
(281, 18, 21, '2019-05-24 04:33:58', '2019-05-24 04:33:58'),
(282, 12, 3, '2019-05-24 04:33:58', '2019-05-24 04:33:58'),
(283, 15, 28, '2019-05-24 04:33:58', '2019-05-24 04:33:58'),
(284, 21, 3, '2019-05-24 04:33:58', '2019-05-24 04:33:58'),
(285, 27, 1, '2019-05-24 04:33:58', '2019-05-24 04:33:58'),
(286, 7, 1, '2019-05-24 04:33:58', '2019-05-24 04:33:58'),
(287, 18, 22, '2019-05-24 04:33:58', '2019-05-24 04:33:58'),
(288, 16, 2, '2019-05-24 04:33:58', '2019-05-24 04:33:58'),
(289, 25, 1, '2019-05-24 04:33:58', '2019-05-24 04:33:58'),
(290, 13, 24, '2019-05-24 04:33:58', '2019-05-24 04:33:58'),
(291, 27, 5, '2019-05-24 04:33:58', '2019-05-24 04:33:58'),
(292, 19, 14, '2019-05-24 04:33:58', '2019-05-24 04:33:58'),
(293, 14, 16, '2019-05-24 04:33:58', '2019-05-24 04:33:58'),
(294, 19, 2, '2019-05-24 04:33:59', '2019-05-24 04:33:59'),
(295, 17, 21, '2019-05-24 04:33:59', '2019-05-24 04:33:59'),
(296, 13, 15, '2019-05-24 04:33:59', '2019-05-24 04:33:59'),
(297, 3, 23, '2019-05-24 04:33:59', '2019-05-24 04:33:59'),
(298, 9, 27, '2019-05-24 04:33:59', '2019-05-24 04:33:59'),
(299, 23, 24, '2019-05-24 04:33:59', '2019-05-24 04:33:59'),
(300, 18, 14, '2019-05-24 04:33:59', '2019-05-24 04:33:59'),
(301, 31, 4, NULL, NULL);

-- --------------------------------------------------------

--
-- Table structure for table `events`
--

CREATE TABLE `events` (
  `id` bigint(20) UNSIGNED NOT NULL,
  `content` text COLLATE utf8mb4_unicode_ci NOT NULL,
  `type` varchar(191) COLLATE utf8mb4_unicode_ci NOT NULL,
  `date` datetime NOT NULL,
  `created_at` timestamp NULL DEFAULT NULL,
  `updated_at` timestamp NULL DEFAULT NULL
) ENGINE=InnoDB DEFAULT CHARSET=utf8mb4 COLLATE=utf8mb4_unicode_ci;

--
-- Dumping data for table `events`
--

INSERT INTO `events` (`id`, `content`, `type`, `date`, `created_at`, `updated_at`) VALUES
(1, 'Number One,\' said Alice. \'Then it wasn\'t very civil of you to learn?\' \'Well, there was enough of me left to make herself useful, and looking anxiously about her. \'Oh, do let me hear the very middle.', 'odio', '2002-07-28 14:04:48', '2019-05-24 04:32:03', '2019-05-24 04:32:03'),
(2, 'By the use of a feather flock together.\"\' \'Only mustard isn\'t a bird,\' Alice remarked. \'Right, as usual,\' said the March Hare. The Hatter was out of sight. Alice remained looking thoughtfully at the.', 'qui', '1991-08-21 17:27:37', '2019-05-24 04:32:03', '2019-05-24 04:32:03'),
(3, 'Stigand, the patriotic archbishop of Canterbury, found it very hard indeed to make it stop. \'Well, I\'d hardly finished the guinea-pigs!\' thought Alice. \'Now we shall get on better.\' \'I\'d rather.', 'aliquam', '1994-12-25 01:52:17', '2019-05-24 04:32:03', '2019-05-24 04:32:03'),
(4, 'Alice, \'and if it began ordering people about like mad things all this time, as it lasted.) \'Then the eleventh day must have a trial: For really this morning I\'ve nothing to do.\" Said the mouse.', 'ipsa', '1980-12-05 14:53:24', '2019-05-24 04:32:03', '2019-05-24 04:32:03'),
(5, 'The Caterpillar was the BEST butter, you know.\' \'I DON\'T know,\' said Alice in a sulky tone, as it can talk: at any rate, there\'s no harm in trying.\' So she went in without knocking, and hurried.', 'et', '2012-04-25 17:28:26', '2019-05-24 04:32:03', '2019-05-24 04:32:03'),
(6, 'I hadn\'t cried so much!\' Alas! it was neither more nor less than no time to go, for the end of the water, and seemed not to be sure, she had a consultation about this, and Alice was silent. The King.', 'perferendis', '2017-04-18 06:43:18', '2019-05-24 04:32:03', '2019-05-24 04:32:03'),
(7, 'The Caterpillar and Alice could speak again. In a minute or two the Caterpillar sternly. \'Explain yourself!\' \'I can\'t go no lower,\' said the King. \'It began with the dream of Wonderland of long ago.', 'numquam', '1990-02-11 20:58:32', '2019-05-24 04:32:03', '2019-05-24 04:32:03'),
(8, 'Eaglet, and several other curious creatures. Alice led the way, was the first verse,\' said the March Hare will be When they take us up and throw us, with the bread-knife.\' The March Hare took the.', 'et', '1985-06-19 06:17:27', '2019-05-24 04:32:03', '2019-05-24 04:32:03'),
(9, 'The baby grunted again, so violently, that she wasn\'t a bit afraid of it. She felt that it was over at last: \'and I do so like that curious song about the twentieth time that day. \'That PROVES his.', 'ipsum', '1993-09-29 13:34:23', '2019-05-24 04:32:03', '2019-05-24 04:32:03'),
(10, 'In the very tones of her voice. Nobody moved. \'Who cares for you?\' said Alice, as she was considering in her hands, and she thought there was Mystery,\' the Mock Turtle replied in an offended tone.', 'eum', '2001-06-10 11:16:33', '2019-05-24 04:32:03', '2019-05-24 04:32:03'),
(11, 'Dormouse turned out, and, by the way, was the White Rabbit put on his knee, and the sounds will take care of the jurors had a consultation about this, and she sat on, with closed eyes, and half.', 'sequi', '2006-02-18 11:58:11', '2019-05-24 04:32:03', '2019-05-24 04:32:03'),
(12, 'Classics master, though. He was looking at Alice as she stood watching them, and considered a little, \'From the Queen. \'Their heads are gone, if it likes.\' \'I\'d rather not,\' the Cat said, waving its.', 'quia', '2009-01-14 09:16:40', '2019-05-24 04:32:03', '2019-05-24 04:32:03'),
(13, 'Alice put down the middle, nursing a baby; the cook and the Dormouse sulkily remarked, \'If you didn\'t sign it,\' said Alice very meekly: \'I\'m growing.\' \'You\'ve no right to grow up any more HERE.\'.', 'dolorem', '1976-11-22 14:42:31', '2019-05-24 04:32:04', '2019-05-24 04:32:04'),
(14, 'Mouse was speaking, and this Alice would not join the dance. \'\"What matters it how far we go?\" his scaly friend replied. \"There is another shore, you know, upon the other two were using it as to go.', 'non', '1970-10-02 05:25:31', '2019-05-24 04:32:04', '2019-05-24 04:32:04'),
(15, 'Said he thanked the whiting kindly, but he could think of any that do,\' Alice said nothing; she had but to open it; but, as the doubled-up soldiers were always getting up and down looking for eggs.', 'quod', '1973-07-18 14:48:05', '2019-05-24 04:32:04', '2019-05-24 04:32:04'),
(16, 'Cat, as soon as she went back to yesterday, because I was going a journey, I should think you can find them.\' As she said to the executioner: \'fetch her here.\' And the muscular strength, which it.', 'ea', '1994-05-22 04:09:26', '2019-05-24 04:32:04', '2019-05-24 04:32:04'),
(17, 'WAS a curious appearance in the grass, merely remarking that a red-hot poker will burn you if you were all writing very busily on slates. \'What are you getting on?\' said Alice, looking down with her.', 'reprehenderit', '1981-03-27 13:08:57', '2019-05-24 04:32:04', '2019-05-24 04:32:04'),
(18, 'Queen. \'Never!\' said the Footman. \'That\'s the reason of that?\' \'In my youth,\' said the Caterpillar. \'Well, perhaps you were me?\' \'Well, perhaps you were all writing very busily on slates. \'What are.', 'ducimus', '1997-12-28 16:49:55', '2019-05-24 04:32:04', '2019-05-24 04:32:04'),
(19, 'Go on!\' \'I\'m a poor man, your Majesty,\' he began, \'for bringing these in: but I don\'t think,\' Alice went on, very much to-night, I should think you could see this, as she went slowly after it: \'I.', 'harum', '1988-06-22 08:48:31', '2019-05-24 04:32:04', '2019-05-24 04:32:04'),
(20, 'Queen of Hearts were seated on their slates, and then quietly marched off after the rest waited in silence. Alice was very provoking to find my way into that lovely garden. I think I must be growing.', 'iure', '1970-02-19 07:19:22', '2019-05-24 04:32:04', '2019-05-24 04:32:04'),
(21, 'Alice could see this, as she had somehow fallen into it: there were TWO little shrieks, and more faintly came, carried on the Duchess\'s cook. She carried the pepper-box in her pocket) till she got.', 'voluptas', '2007-03-16 03:07:03', '2019-05-24 04:32:04', '2019-05-24 04:32:04'),
(22, 'Gryphon. \'Well, I can\'t show it you myself,\' the Mock Turtle repeated thoughtfully. \'I should like it very hard indeed to make the arches. The chief difficulty Alice found at first she would feel.', 'ut', '1970-04-24 17:51:13', '2019-05-24 04:32:04', '2019-05-24 04:32:04'),
(23, 'Dinah at you!\' There was a dispute going on within--a constant howling and sneezing, and every now and then unrolled the parchment scroll, and read out from his book, \'Rule Forty-two. ALL PERSONS.', 'odio', '1984-12-12 19:17:08', '2019-05-24 04:32:04', '2019-05-24 04:32:04'),
(24, 'Alice replied eagerly, for she felt that there was a paper label, with the time,\' she said, as politely as she had expected: before she found herself lying on their hands and feet at once, while all.', 'beatae', '2001-12-12 08:38:01', '2019-05-24 04:32:04', '2019-05-24 04:32:04'),
(25, 'The great question is, Who in the chimney as she could, and waited to see what was on the stairs. Alice knew it was not quite sure whether it was the first to break the silence. \'What day of the.', 'est', '1988-09-18 00:18:19', '2019-05-24 04:32:04', '2019-05-24 04:32:04'),
(26, 'While the Duchess was sitting next to no toys to play croquet with the end of the shelves as she went on, \'and most things twinkled after that--only the March Hare. Alice was only the pepper that.', 'ipsam', '2017-04-05 09:14:31', '2019-05-24 04:32:05', '2019-05-24 04:32:05'),
(27, 'I was a queer-shaped little creature, and held it out loud. \'Thinking again?\' the Duchess to play with, and oh! ever so many lessons to learn! Oh, I shouldn\'t like THAT!\' \'Oh, you can\'t swim, can.', 'est', '2003-09-18 06:17:32', '2019-05-24 04:32:05', '2019-05-24 04:32:05'),
(28, 'Rabbit hastily interrupted. \'There\'s a great hurry. \'You did!\' said the Cat. \'I don\'t see how the Dodo solemnly presented the thimble, looking as solemn as she heard her sentence three of her sharp.', 'laborum', '2004-05-26 10:09:47', '2019-05-24 04:32:05', '2019-05-24 04:32:05'),
(29, 'I think I can listen all day about it!\' and he poured a little irritated at the stick, running a very respectful tone, but frowning and making faces at him as he shook both his shoes on. \'--and just.', 'earum', '1996-07-18 11:01:11', '2019-05-24 04:32:05', '2019-05-24 04:32:05'),
(30, 'I should say \"With what porpoise?\"\' \'Don\'t you mean by that?\' said the Hatter, who turned pale and fidgeted. \'Give your evidence,\' the King put on your shoes and stockings for you now, dears? I\'m.', 'harum', '1978-10-27 19:12:04', '2019-05-24 04:32:05', '2019-05-24 04:32:05'),
(31, 'asdas', 'asd', '2019-05-31 00:00:00', '2019-05-24 05:04:15', '2019-05-24 05:04:15');

-- --------------------------------------------------------

--
-- Table structure for table `migrations`
--

CREATE TABLE `migrations` (
  `id` int(10) UNSIGNED NOT NULL,
  `migration` varchar(191) COLLATE utf8mb4_unicode_ci NOT NULL,
  `batch` int(11) NOT NULL
) ENGINE=InnoDB DEFAULT CHARSET=utf8mb4 COLLATE=utf8mb4_unicode_ci;

--
-- Dumping data for table `migrations`
--

INSERT INTO `migrations` (`id`, `migration`, `batch`) VALUES
(1, '2014_10_12_000000_create_users_table', 1),
(2, '2014_10_12_100000_create_password_resets_table', 1),
(3, '2018_07_22_000100_create_love_reacters_table', 1),
(4, '2018_07_22_001000_create_love_reactants_table', 1),
(5, '2018_07_22_001500_create_love_reaction_types_table', 1),
(6, '2018_07_22_002000_create_love_reactions_table', 1),
(7, '2018_07_25_000000_create_love_reactant_reaction_counters_table', 1),
(8, '2018_07_25_001000_create_love_reactant_reaction_totals_table', 1),
(9, '2019_04_18_120846_create_comunities_table', 1),
(10, '2019_04_18_141305_create_events_table', 1),
(11, '2019_04_18_142308_create_posts_table', 1),
(12, '2019_04_18_142310_create_comments_table', 1),
(13, '2019_04_19_065832_create_user_comunity_table', 1),
(14, '2019_04_25_052957_create_event_comunities_table', 1),
(15, '2019_05_24_103536_create_statuses_table', 1);

-- --------------------------------------------------------

--
-- Table structure for table `password_resets`
--

CREATE TABLE `password_resets` (
  `email` varchar(191) COLLATE utf8mb4_unicode_ci NOT NULL,
  `token` varchar(191) COLLATE utf8mb4_unicode_ci NOT NULL,
  `created_at` timestamp NULL DEFAULT NULL
) ENGINE=InnoDB DEFAULT CHARSET=utf8mb4 COLLATE=utf8mb4_unicode_ci;

-- --------------------------------------------------------

--
-- Table structure for table `posts`
--

CREATE TABLE `posts` (
  `id` bigint(20) UNSIGNED NOT NULL,
  `title` text COLLATE utf8mb4_unicode_ci NOT NULL,
  `media` varchar(191) COLLATE utf8mb4_unicode_ci NOT NULL DEFAULT 'media/1.png',
  `content` text COLLATE utf8mb4_unicode_ci NOT NULL,
  `vote` bigint(20) NOT NULL DEFAULT '0',
  `view` bigint(20) NOT NULL DEFAULT '0',
  `user_id` bigint(20) UNSIGNED NOT NULL,
  `comunity_id` bigint(20) UNSIGNED NOT NULL,
  `created_at` timestamp NULL DEFAULT NULL,
  `updated_at` timestamp NULL DEFAULT NULL
) ENGINE=InnoDB DEFAULT CHARSET=utf8mb4 COLLATE=utf8mb4_unicode_ci;

--
-- Dumping data for table `posts`
--

INSERT INTO `posts` (`id`, `title`, `media`, `content`, `vote`, `view`, `user_id`, `comunity_id`, `created_at`, `updated_at`) VALUES
(1, 'consequuntur', 'avatars/1.png', 'Queen, in a very deep well. Either the well was very likely true.) Down, down, down. There was certainly English. \'I don\'t much care where--\' said Alice. \'Come on, then!\' roared the Queen, in a low.', 16, 574, 18, 4, '2019-05-24 04:32:00', '2019-05-24 04:32:00'),
(2, 'consectetur', 'avatars/1.png', 'Soup of the earth. Let me think: was I the same size: to be trampled under its feet, \'I move that the mouse to the Gryphon. \'Of course,\' the Dodo replied very gravely. \'What else had you to set them.', 84, 916, 17, 20, '2019-05-24 04:32:00', '2019-05-24 04:32:00'),
(3, 'esse', 'avatars/1.png', 'King. (The jury all wrote down on their faces, and the great hall, with the Lory, with a table in the distance. \'Come on!\' cried the Mock Turtle said: \'I\'m too stiff. And the muscular strength.', -26, 908, 14, 24, '2019-05-24 04:32:00', '2019-05-24 04:32:00'),
(4, 'cum', 'avatars/1.png', 'While she was about a whiting before.\' \'I can tell you my adventures--beginning from this side of WHAT?\' thought Alice to herself. At this moment the King, rubbing his hands; \'so now let the.', -47, 234, 31, 5, '2019-05-24 04:32:01', '2019-05-24 04:32:01'),
(5, 'ratione', 'avatars/1.png', 'ME\' beautifully printed on it except a tiny little thing!\' It did so indeed, and much sooner than she had someone to listen to me! When I used to come upon them THIS size: why, I should understand.', -53, 529, 6, 7, '2019-05-24 04:32:01', '2019-05-24 04:32:01'),
(6, 'assumenda', 'avatars/1.png', 'Off--\' \'Nonsense!\' said Alice, who felt very lonely and low-spirited. In a little house in it about four feet high. \'Whoever lives there,\' thought Alice, \'or perhaps they won\'t walk the way down one.', 49, 51, 23, 7, '2019-05-24 04:32:01', '2019-05-24 04:32:01'),
(7, 'cupiditate', 'avatars/1.png', 'I\'m sure I have to fly; and the Queen jumped up in such a nice little dog near our house I should frighten them out with trying, the poor little thing grunted in reply (it had left off writing on.', 47, 678, 17, 15, '2019-05-24 04:32:01', '2019-05-24 04:32:01'),
(8, 'modi', 'avatars/1.png', 'I\'ve got to do,\' said Alice in a very long silence, broken only by an occasional exclamation of \'Hjckrrh!\' from the trees behind him. \'--or next day, maybe,\' the Footman remarked, \'till tomorrow--\'.', -15, 379, 17, 17, '2019-05-24 04:32:01', '2019-05-24 04:32:01'),
(9, 'optio', 'avatars/1.png', 'MINE.\' The Queen had only one way of settling all difficulties, great or small. \'Off with her arms folded, quietly smoking a long breath, and said \'What else had you to offer it,\' said the King. The.', -63, 560, 13, 25, '2019-05-24 04:32:01', '2019-05-24 04:32:01'),
(10, 'sapiente', 'avatars/1.png', 'I\'m sure I don\'t like the Queen?\' said the Mock Turtle replied; \'and then the Mock Turtle, \'Drive on, old fellow! Don\'t be all day to such stuff? Be off, or I\'ll have you executed.\' The miserable.', 9, 85, 18, 21, '2019-05-24 04:32:01', '2019-05-24 04:32:01'),
(11, 'porro', 'avatars/1.png', 'Dormouse turned out, and, by the English, who wanted leaders, and had come back again, and made another snatch in the sea, \'and in that ridiculous fashion.\' And he got up this morning? I almost.', 33, 682, 27, 19, '2019-05-24 04:32:01', '2019-05-24 04:32:01'),
(12, 'unde', 'avatars/1.png', 'Yet you balanced an eel on the other arm curled round her at the Queen, and in a languid, sleepy voice. \'Who are YOU?\' Which brought them back again to the door. \'Call the next witness!\' said the.', 59, 572, 29, 17, '2019-05-24 04:32:01', '2019-05-24 04:32:01'),
(13, 'et', 'avatars/1.png', 'An enormous puppy was looking at Alice as he spoke, \'we were trying--\' \'I see!\' said the Mouse, who was sitting between them, fast asleep, and the Hatter continued, \'in this way:-- \"Up above the.', 29, 599, 22, 14, '2019-05-24 04:32:01', '2019-05-24 04:32:01'),
(14, 'molestiae', 'avatars/1.png', 'I begin, please your Majesty,\' said the Duchess, who seemed to think to herself, as she did not dare to disobey, though she looked up and down looking for it, you know.\' It was, no doubt: only Alice.', -76, 812, 22, 24, '2019-05-24 04:32:01', '2019-05-24 04:32:01'),
(15, 'voluptas', 'avatars/1.png', 'Gryphon added \'Come, let\'s hear some of the court. (As that is rather a hard word, I will prosecute YOU.--Come, I\'ll take no denial; We must have got into the darkness as hard as she heard the.', 12, 726, 30, 19, '2019-05-24 04:32:01', '2019-05-24 04:32:01'),
(16, 'tempora', 'avatars/1.png', 'But at any rate,\' said Alice: \'allow me to him: She gave me a pair of white kid gloves while she was shrinking rapidly; so she went on to her to carry it further. So she was peering about anxiously.', 99, 454, 2, 3, '2019-05-24 04:32:01', '2019-05-24 04:32:01'),
(17, 'totam', 'avatars/1.png', 'Northumbria, declared for him: and even Stigand, the patriotic archbishop of Canterbury, found it so VERY much out of its right ear and left foot, so as to size,\' Alice hastily replied; \'at.', -84, 190, 11, 19, '2019-05-24 04:32:01', '2019-05-24 04:32:01'),
(18, 'ab', 'avatars/1.png', 'Lobster Quadrille?\' the Gryphon in an impatient tone: \'explanations take such a subject! Our family always HATED cats: nasty, low, vulgar things! Don\'t let me hear the Rabbit hastily interrupted.', 84, 669, 11, 28, '2019-05-24 04:32:01', '2019-05-24 04:32:01'),
(19, 'ut', 'avatars/1.png', 'RED rose-tree, and we won\'t talk about trouble!\' said the Queen, the royal children; there were no arches left, and all the jurymen are back in a tone of delight, and rushed at the beginning,\' the.', -82, 908, 22, 21, '2019-05-24 04:32:01', '2019-05-24 04:32:01'),
(20, 'suscipit', 'avatars/1.png', 'Gryphon, and the other end of the house!\' (Which was very likely true.) Down, down, down. There was a table set out under a tree a few minutes it seemed quite dull and stupid for life to go nearer.', 65, 548, 19, 1, '2019-05-24 04:32:02', '2019-05-24 04:32:02'),
(21, 'aspernatur', 'avatars/1.png', 'Duchess\'s cook. She carried the pepper-box in her pocket, and was just saying to herself in a few yards off. The Cat seemed to Alice to find it out, we should all have our heads cut off, you know.', 56, 293, 28, 27, '2019-05-24 04:32:02', '2019-05-24 04:32:02'),
(22, 'rerum', 'avatars/1.png', 'DON\'T know,\' said Alice, seriously, \'I\'ll have nothing more to come, so she took courage, and went on growing, and, as there was a good deal frightened at the mushroom for a minute or two, it was.', -50, 70, 10, 7, '2019-05-24 04:32:02', '2019-05-24 04:32:02'),
(23, 'sequi', 'avatars/1.png', 'ME, and told me you had been broken to pieces. \'Please, then,\' said the King, the Queen, \'Really, my dear, YOU must cross-examine THIS witness.\' \'Well, if I only wish people knew that: then they.', -39, 16, 25, 10, '2019-05-24 04:32:02', '2019-05-24 04:32:02'),
(24, 'similique', 'avatars/1.png', 'Cat. \'--so long as it was over at last, more calmly, though still sobbing a little pattering of feet on the floor, and a Long Tale They were indeed a queer-looking party that assembled on the slate.', -65, 481, 22, 11, '2019-05-24 04:32:02', '2019-05-24 04:32:02'),
(25, 'dicta', 'avatars/1.png', 'Dormouse. \'Fourteenth of March, I think it would not join the dance. \'\"What matters it how far we go?\" his scaly friend replied. \"There is another shore, you know, this sort of people live about.', -62, 789, 15, 21, '2019-05-24 04:32:02', '2019-05-24 04:32:02'),
(26, 'doloribus', 'avatars/1.png', 'SHE, of course,\' the Mock Turtle. Alice was not going to say,\' said the Caterpillar seemed to be Involved in this way! Stop this moment, and fetch me a pair of boots every Christmas.\' And she kept.', -48, 323, 16, 9, '2019-05-24 04:32:02', '2019-05-24 04:32:02'),
(27, 'quo', 'avatars/1.png', 'The only things in the world! Oh, my dear Dinah! I wonder what CAN have happened to you? Tell us all about for some way of expressing yourself.\' The baby grunted again, so violently, that she had.', 76, 746, 8, 14, '2019-05-24 04:32:02', '2019-05-24 04:32:02'),
(28, 'occaecati', 'avatars/1.png', 'How she longed to get to,\' said the Duchess, it had struck her foot! She was a little bottle that stood near. The three soldiers wandered about in all directions, \'just like a tunnel for some time.', 3, 837, 9, 18, '2019-05-24 04:32:02', '2019-05-24 04:32:02'),
(29, 'quia', 'avatars/1.png', 'Cheshire Cat,\' said Alice: \'allow me to introduce some other subject of conversation. While she was now about a thousand times as large as himself, and this Alice thought to herself. (Alice had been.', -76, 474, 7, 22, '2019-05-24 04:32:02', '2019-05-24 04:32:02'),
(30, 'aut', 'avatars/1.png', 'Alice panted as she went back to the conclusion that it was YOUR table,\' said Alice; \'I can\'t remember half of them--and it belongs to the Cheshire Cat, she was exactly one a-piece all round. (It.', 72, 76, 10, 17, '2019-05-24 04:32:02', '2019-05-24 04:32:02');

-- --------------------------------------------------------

--
-- Table structure for table `statuses`
--

CREATE TABLE `statuses` (
  `id` bigint(20) UNSIGNED NOT NULL,
  `status` text COLLATE utf8mb4_unicode_ci NOT NULL,
  `user_id` bigint(20) UNSIGNED NOT NULL,
  `created_at` timestamp NULL DEFAULT NULL,
  `updated_at` timestamp NULL DEFAULT NULL
) ENGINE=InnoDB DEFAULT CHARSET=utf8mb4 COLLATE=utf8mb4_unicode_ci;

--
-- Dumping data for table `statuses`
--

INSERT INTO `statuses` (`id`, `status`, `user_id`, `created_at`, `updated_at`) VALUES
(1, 'The March Hare moved into.', 11, '2019-05-24 04:34:01', '2019-05-24 04:34:01'),
(2, 'Alice was only too glad to.', 31, '2019-05-24 04:34:01', '2019-05-24 04:34:01'),
(3, 'I dare say you never tasted.', 9, '2019-05-24 04:34:01', '2019-05-24 04:34:01'),
(4, 'And certainly there was no.', 20, '2019-05-24 04:34:01', '2019-05-24 04:34:01'),
(5, 'Improve his shining tail.', 15, '2019-05-24 04:34:01', '2019-05-24 04:34:01'),
(6, 'Mind now!\' The poor little.', 23, '2019-05-24 04:34:01', '2019-05-24 04:34:01'),
(7, 'Heads below!\' (a loud.', 6, '2019-05-24 04:34:01', '2019-05-24 04:34:01'),
(8, 'Queen\'s voice in the middle.', 11, '2019-05-24 04:34:01', '2019-05-24 04:34:01'),
(9, 'Duchess sneezed.', 13, '2019-05-24 04:34:01', '2019-05-24 04:34:01'),
(10, 'King had said that day.', 5, '2019-05-24 04:34:01', '2019-05-24 04:34:01'),
(11, 'I wonder?\' As she said to.', 22, '2019-05-24 04:34:01', '2019-05-24 04:34:01'),
(12, 'M--\' \'Why with an M?\' said.', 3, '2019-05-24 04:34:01', '2019-05-24 04:34:01'),
(13, 'King. Here one of the.', 23, '2019-05-24 04:34:02', '2019-05-24 04:34:02'),
(14, 'Gryphon, sighing in his.', 13, '2019-05-24 04:34:02', '2019-05-24 04:34:02'),
(15, 'Alice, \'how am I to do?\'.', 18, '2019-05-24 04:34:02', '2019-05-24 04:34:02'),
(16, 'Dormouse crossed the court.', 31, '2019-05-24 04:34:02', '2019-05-24 04:34:02'),
(17, 'Five. \'I heard every word.', 25, '2019-05-24 04:34:02', '2019-05-24 04:34:02'),
(18, 'Cat, and vanished again.', 22, '2019-05-24 04:34:02', '2019-05-24 04:34:02'),
(19, 'ONE.\' \'One, indeed!\' said.', 20, '2019-05-24 04:34:02', '2019-05-24 04:34:02'),
(20, 'Pigeon had finished. \'As if.', 14, '2019-05-24 04:34:02', '2019-05-24 04:34:02'),
(21, 'Alice, \'we learned French.', 4, '2019-05-24 04:34:02', '2019-05-24 04:34:02'),
(22, 'I\'ll tell him--it was for.', 5, '2019-05-24 04:34:02', '2019-05-24 04:34:02'),
(23, 'Ann!\' said the youth, \'as I.', 4, '2019-05-24 04:34:02', '2019-05-24 04:34:02'),
(24, 'King. \'Then it ought to be.', 7, '2019-05-24 04:34:02', '2019-05-24 04:34:02'),
(25, 'Knave. The Knave did so, and.', 25, '2019-05-24 04:34:02', '2019-05-24 04:34:02'),
(26, 'King, and the bright eager.', 31, '2019-05-24 04:34:02', '2019-05-24 04:34:02'),
(27, 'Hatter. \'He won\'t stand.', 2, '2019-05-24 04:34:02', '2019-05-24 04:34:02'),
(28, 'Gryphon in an agony of.', 15, '2019-05-24 04:34:02', '2019-05-24 04:34:02'),
(29, 'COULD grin.\' \'They all can,\'.', 5, '2019-05-24 04:34:02', '2019-05-24 04:34:02'),
(30, 'It was as long as I get.', 2, '2019-05-24 04:34:02', '2019-05-24 04:34:02');

-- --------------------------------------------------------

--
-- Table structure for table `usercomunity`
--

CREATE TABLE `usercomunity` (
  `id` bigint(20) UNSIGNED NOT NULL,
  `user_id` bigint(20) UNSIGNED NOT NULL,
  `comunity_id` bigint(20) UNSIGNED NOT NULL,
  `created_at` timestamp NULL DEFAULT NULL,
  `updated_at` timestamp NULL DEFAULT NULL
) ENGINE=InnoDB DEFAULT CHARSET=utf8mb4 COLLATE=utf8mb4_unicode_ci;

--
-- Dumping data for table `usercomunity`
--

INSERT INTO `usercomunity` (`id`, `user_id`, `comunity_id`, `created_at`, `updated_at`) VALUES
(1, 1, 1, '2019-05-24 04:32:05', '2019-05-24 04:32:05'),
(2, 1, 2, '2019-05-24 04:32:05', '2019-05-24 04:32:05'),
(3, 1, 3, '2019-05-24 04:32:05', '2019-05-24 04:32:05'),
(4, 1, 4, '2019-05-24 04:32:05', '2019-05-24 04:32:05'),
(5, 1, 5, '2019-05-24 04:32:05', '2019-05-24 04:32:05'),
(6, 1, 6, '2019-05-24 04:32:05', '2019-05-24 04:32:05'),
(7, 1, 7, '2019-05-24 04:32:06', '2019-05-24 04:32:06'),
(8, 1, 8, '2019-05-24 04:32:06', '2019-05-24 04:32:06'),
(9, 1, 9, '2019-05-24 04:32:06', '2019-05-24 04:32:06'),
(10, 1, 10, '2019-05-24 04:32:06', '2019-05-24 04:32:06'),
(11, 1, 11, '2019-05-24 04:32:06', '2019-05-24 04:32:06'),
(12, 1, 12, '2019-05-24 04:32:06', '2019-05-24 04:32:06'),
(13, 1, 13, '2019-05-24 04:32:06', '2019-05-24 04:32:06'),
(14, 1, 14, '2019-05-24 04:32:06', '2019-05-24 04:32:06'),
(15, 1, 15, '2019-05-24 04:32:06', '2019-05-24 04:32:06'),
(16, 1, 16, '2019-05-24 04:32:06', '2019-05-24 04:32:06'),
(17, 1, 17, '2019-05-24 04:32:07', '2019-05-24 04:32:07'),
(18, 1, 18, '2019-05-24 04:32:07', '2019-05-24 04:32:07'),
(19, 1, 19, '2019-05-24 04:32:07', '2019-05-24 04:32:07'),
(20, 1, 20, '2019-05-24 04:32:07', '2019-05-24 04:32:07'),
(21, 1, 21, '2019-05-24 04:32:07', '2019-05-24 04:32:07'),
(22, 1, 22, '2019-05-24 04:32:07', '2019-05-24 04:32:07'),
(23, 1, 23, '2019-05-24 04:32:07', '2019-05-24 04:32:07'),
(24, 1, 24, '2019-05-24 04:32:07', '2019-05-24 04:32:07'),
(25, 1, 25, '2019-05-24 04:32:07', '2019-05-24 04:32:07'),
(26, 1, 26, '2019-05-24 04:32:07', '2019-05-24 04:32:07'),
(27, 1, 27, '2019-05-24 04:32:07', '2019-05-24 04:32:07'),
(28, 1, 28, '2019-05-24 04:32:07', '2019-05-24 04:32:07'),
(29, 1, 29, '2019-05-24 04:32:07', '2019-05-24 04:32:07'),
(30, 1, 30, '2019-05-24 04:32:07', '2019-05-24 04:32:07'),
(31, 11, 20, '2019-05-24 04:32:12', '2019-05-24 04:32:12'),
(32, 30, 1, '2019-05-24 04:32:12', '2019-05-24 04:32:12'),
(33, 20, 9, '2019-05-24 04:32:12', '2019-05-24 04:32:12'),
(34, 3, 7, '2019-05-24 04:32:13', '2019-05-24 04:32:13'),
(35, 11, 1, '2019-05-24 04:32:13', '2019-05-24 04:32:13'),
(36, 13, 8, '2019-05-24 04:32:13', '2019-05-24 04:32:13'),
(37, 1, 28, '2019-05-24 04:32:13', '2019-05-24 04:32:13'),
(38, 2, 21, '2019-05-24 04:32:13', '2019-05-24 04:32:13'),
(39, 22, 22, '2019-05-24 04:32:13', '2019-05-24 04:32:13'),
(40, 3, 1, '2019-05-24 04:32:13', '2019-05-24 04:32:13'),
(41, 29, 10, '2019-05-24 04:32:13', '2019-05-24 04:32:13'),
(42, 28, 13, '2019-05-24 04:32:13', '2019-05-24 04:32:13'),
(43, 12, 11, '2019-05-24 04:32:13', '2019-05-24 04:32:13'),
(44, 28, 11, '2019-05-24 04:32:13', '2019-05-24 04:32:13'),
(45, 25, 10, '2019-05-24 04:32:13', '2019-05-24 04:32:13'),
(46, 7, 8, '2019-05-24 04:32:13', '2019-05-24 04:32:13'),
(47, 30, 12, '2019-05-24 04:32:13', '2019-05-24 04:32:13'),
(48, 30, 9, '2019-05-24 04:32:13', '2019-05-24 04:32:13'),
(49, 13, 25, '2019-05-24 04:32:13', '2019-05-24 04:32:13'),
(50, 3, 22, '2019-05-24 04:32:13', '2019-05-24 04:32:13'),
(51, 5, 22, '2019-05-24 04:32:13', '2019-05-24 04:32:13'),
(52, 8, 16, '2019-05-24 04:32:13', '2019-05-24 04:32:13'),
(53, 3, 24, '2019-05-24 04:32:13', '2019-05-24 04:32:13'),
(54, 9, 1, '2019-05-24 04:32:13', '2019-05-24 04:32:13'),
(55, 11, 30, '2019-05-24 04:32:14', '2019-05-24 04:32:14'),
(56, 6, 2, '2019-05-24 04:32:14', '2019-05-24 04:32:14'),
(57, 25, 10, '2019-05-24 04:32:14', '2019-05-24 04:32:14'),
(58, 31, 9, '2019-05-24 04:32:14', '2019-05-24 04:32:14'),
(59, 5, 27, '2019-05-24 04:32:14', '2019-05-24 04:32:14'),
(60, 19, 18, '2019-05-24 04:32:14', '2019-05-24 04:32:14'),
(61, 1, 2, '2019-05-24 04:32:14', '2019-05-24 04:32:14'),
(62, 19, 23, '2019-05-24 04:32:14', '2019-05-24 04:32:14'),
(63, 5, 20, '2019-05-24 04:32:14', '2019-05-24 04:32:14'),
(64, 24, 27, '2019-05-24 04:32:14', '2019-05-24 04:32:14'),
(65, 31, 22, '2019-05-24 04:32:14', '2019-05-24 04:32:14'),
(66, 6, 30, '2019-05-24 04:32:14', '2019-05-24 04:32:14'),
(67, 20, 30, '2019-05-24 04:32:14', '2019-05-24 04:32:14'),
(68, 10, 29, '2019-05-24 04:32:14', '2019-05-24 04:32:14'),
(69, 14, 28, '2019-05-24 04:32:14', '2019-05-24 04:32:14'),
(70, 26, 21, '2019-05-24 04:32:14', '2019-05-24 04:32:14'),
(71, 13, 8, '2019-05-24 04:32:14', '2019-05-24 04:32:14'),
(72, 28, 9, '2019-05-24 04:32:14', '2019-05-24 04:32:14'),
(73, 18, 21, '2019-05-24 04:32:14', '2019-05-24 04:32:14'),
(74, 5, 6, '2019-05-24 04:32:14', '2019-05-24 04:32:14'),
(75, 30, 16, '2019-05-24 04:32:14', '2019-05-24 04:32:14'),
(76, 16, 8, '2019-05-24 04:32:14', '2019-05-24 04:32:14'),
(77, 29, 7, '2019-05-24 04:32:14', '2019-05-24 04:32:14'),
(78, 16, 9, '2019-05-24 04:32:15', '2019-05-24 04:32:15'),
(79, 3, 7, '2019-05-24 04:32:15', '2019-05-24 04:32:15'),
(80, 3, 23, '2019-05-24 04:32:15', '2019-05-24 04:32:15'),
(81, 20, 3, '2019-05-24 04:32:15', '2019-05-24 04:32:15'),
(82, 3, 23, '2019-05-24 04:32:15', '2019-05-24 04:32:15'),
(83, 20, 22, '2019-05-24 04:32:15', '2019-05-24 04:32:15'),
(84, 24, 29, '2019-05-24 04:32:15', '2019-05-24 04:32:15'),
(85, 13, 14, '2019-05-24 04:32:15', '2019-05-24 04:32:15'),
(86, 13, 11, '2019-05-24 04:32:15', '2019-05-24 04:32:15'),
(87, 30, 17, '2019-05-24 04:32:15', '2019-05-24 04:32:15'),
(88, 17, 3, '2019-05-24 04:32:15', '2019-05-24 04:32:15'),
(89, 2, 8, '2019-05-24 04:32:15', '2019-05-24 04:32:15'),
(90, 24, 19, '2019-05-24 04:32:15', '2019-05-24 04:32:15'),
(91, 20, 6, '2019-05-24 04:32:15', '2019-05-24 04:32:15'),
(92, 4, 11, '2019-05-24 04:32:15', '2019-05-24 04:32:15'),
(93, 20, 30, '2019-05-24 04:32:15', '2019-05-24 04:32:15'),
(94, 12, 7, '2019-05-24 04:32:16', '2019-05-24 04:32:16'),
(95, 28, 23, '2019-05-24 04:32:16', '2019-05-24 04:32:16'),
(96, 25, 29, '2019-05-24 04:32:16', '2019-05-24 04:32:16'),
(97, 3, 20, '2019-05-24 04:32:16', '2019-05-24 04:32:16'),
(98, 25, 17, '2019-05-24 04:32:16', '2019-05-24 04:32:16'),
(99, 8, 8, '2019-05-24 04:32:16', '2019-05-24 04:32:16'),
(100, 16, 9, '2019-05-24 04:32:16', '2019-05-24 04:32:16'),
(101, 16, 7, '2019-05-24 04:32:16', '2019-05-24 04:32:16'),
(102, 24, 4, '2019-05-24 04:32:16', '2019-05-24 04:32:16'),
(103, 27, 30, '2019-05-24 04:32:16', '2019-05-24 04:32:16'),
(104, 5, 14, '2019-05-24 04:32:16', '2019-05-24 04:32:16'),
(105, 14, 13, '2019-05-24 04:32:16', '2019-05-24 04:32:16'),
(106, 19, 28, '2019-05-24 04:32:16', '2019-05-24 04:32:16'),
(107, 4, 29, '2019-05-24 04:32:16', '2019-05-24 04:32:16'),
(108, 28, 19, '2019-05-24 04:32:16', '2019-05-24 04:32:16'),
(109, 6, 12, '2019-05-24 04:32:16', '2019-05-24 04:32:16'),
(110, 19, 5, '2019-05-24 04:32:16', '2019-05-24 04:32:16'),
(111, 24, 27, '2019-05-24 04:32:16', '2019-05-24 04:32:16'),
(112, 5, 14, '2019-05-24 04:32:16', '2019-05-24 04:32:16'),
(113, 28, 20, '2019-05-24 04:32:16', '2019-05-24 04:32:16'),
(114, 16, 17, '2019-05-24 04:32:17', '2019-05-24 04:32:17'),
(115, 7, 28, '2019-05-24 04:32:17', '2019-05-24 04:32:17'),
(116, 24, 4, '2019-05-24 04:32:17', '2019-05-24 04:32:17'),
(117, 17, 8, '2019-05-24 04:32:17', '2019-05-24 04:32:17'),
(118, 9, 19, '2019-05-24 04:32:17', '2019-05-24 04:32:17'),
(119, 28, 30, '2019-05-24 04:32:17', '2019-05-24 04:32:17'),
(120, 9, 15, '2019-05-24 04:32:17', '2019-05-24 04:32:17'),
(121, 26, 8, '2019-05-24 04:32:17', '2019-05-24 04:32:17'),
(122, 26, 8, '2019-05-24 04:32:17', '2019-05-24 04:32:17'),
(123, 5, 19, '2019-05-24 04:32:17', '2019-05-24 04:32:17'),
(124, 12, 21, '2019-05-24 04:32:17', '2019-05-24 04:32:17'),
(125, 13, 26, '2019-05-24 04:32:17', '2019-05-24 04:32:17'),
(126, 9, 10, '2019-05-24 04:32:17', '2019-05-24 04:32:17'),
(127, 29, 1, '2019-05-24 04:32:17', '2019-05-24 04:32:17'),
(128, 13, 11, '2019-05-24 04:32:17', '2019-05-24 04:32:17'),
(129, 11, 9, '2019-05-24 04:32:17', '2019-05-24 04:32:17'),
(130, 18, 4, '2019-05-24 04:32:18', '2019-05-24 04:32:18'),
(131, 22, 25, '2019-05-24 04:32:18', '2019-05-24 04:32:18'),
(132, 24, 28, '2019-05-24 04:32:18', '2019-05-24 04:32:18'),
(133, 24, 12, '2019-05-24 04:32:18', '2019-05-24 04:32:18'),
(134, 25, 14, '2019-05-24 04:32:18', '2019-05-24 04:32:18'),
(135, 19, 15, '2019-05-24 04:32:18', '2019-05-24 04:32:18'),
(136, 7, 29, '2019-05-24 04:32:18', '2019-05-24 04:32:18'),
(137, 6, 16, '2019-05-24 04:32:18', '2019-05-24 04:32:18'),
(138, 22, 29, '2019-05-24 04:32:18', '2019-05-24 04:32:18'),
(139, 4, 1, '2019-05-24 04:32:18', '2019-05-24 04:32:18'),
(140, 15, 16, '2019-05-24 04:32:18', '2019-05-24 04:32:18'),
(141, 18, 17, '2019-05-24 04:32:18', '2019-05-24 04:32:18'),
(142, 5, 24, '2019-05-24 04:32:18', '2019-05-24 04:32:18'),
(143, 25, 8, '2019-05-24 04:32:18', '2019-05-24 04:32:18'),
(144, 23, 15, '2019-05-24 04:32:18', '2019-05-24 04:32:18'),
(145, 30, 16, '2019-05-24 04:32:18', '2019-05-24 04:32:18'),
(146, 24, 23, '2019-05-24 04:32:19', '2019-05-24 04:32:19'),
(147, 22, 19, '2019-05-24 04:32:19', '2019-05-24 04:32:19'),
(148, 8, 23, '2019-05-24 04:32:19', '2019-05-24 04:32:19'),
(149, 3, 11, '2019-05-24 04:32:19', '2019-05-24 04:32:19'),
(150, 27, 7, '2019-05-24 04:32:19', '2019-05-24 04:32:19'),
(151, 19, 12, '2019-05-24 04:32:19', '2019-05-24 04:32:19'),
(152, 17, 16, '2019-05-24 04:32:19', '2019-05-24 04:32:19'),
(153, 27, 19, '2019-05-24 04:32:19', '2019-05-24 04:32:19'),
(154, 15, 13, '2019-05-24 04:32:19', '2019-05-24 04:32:19'),
(155, 28, 6, '2019-05-24 04:32:19', '2019-05-24 04:32:19'),
(156, 24, 24, '2019-05-24 04:32:19', '2019-05-24 04:32:19'),
(157, 20, 26, '2019-05-24 04:32:19', '2019-05-24 04:32:19'),
(158, 5, 12, '2019-05-24 04:32:19', '2019-05-24 04:32:19'),
(159, 25, 7, '2019-05-24 04:32:19', '2019-05-24 04:32:19'),
(160, 15, 27, '2019-05-24 04:32:20', '2019-05-24 04:32:20'),
(161, 26, 7, '2019-05-24 04:32:20', '2019-05-24 04:32:20'),
(162, 18, 25, '2019-05-24 04:32:20', '2019-05-24 04:32:20'),
(163, 6, 21, '2019-05-24 04:32:20', '2019-05-24 04:32:20'),
(164, 19, 4, '2019-05-24 04:32:20', '2019-05-24 04:32:20'),
(165, 30, 16, '2019-05-24 04:32:20', '2019-05-24 04:32:20'),
(166, 22, 24, '2019-05-24 04:32:20', '2019-05-24 04:32:20'),
(167, 21, 26, '2019-05-24 04:32:20', '2019-05-24 04:32:20'),
(168, 8, 23, '2019-05-24 04:32:20', '2019-05-24 04:32:20'),
(169, 25, 5, '2019-05-24 04:32:20', '2019-05-24 04:32:20'),
(170, 5, 7, '2019-05-24 04:32:20', '2019-05-24 04:32:20'),
(171, 7, 5, '2019-05-24 04:32:20', '2019-05-24 04:32:20'),
(172, 24, 1, '2019-05-24 04:32:20', '2019-05-24 04:32:20'),
(173, 3, 8, '2019-05-24 04:32:20', '2019-05-24 04:32:20'),
(174, 22, 8, '2019-05-24 04:32:20', '2019-05-24 04:32:20'),
(175, 20, 23, '2019-05-24 04:32:20', '2019-05-24 04:32:20'),
(176, 23, 12, '2019-05-24 04:32:21', '2019-05-24 04:32:21'),
(177, 22, 15, '2019-05-24 04:32:21', '2019-05-24 04:32:21'),
(178, 21, 10, '2019-05-24 04:32:21', '2019-05-24 04:32:21'),
(179, 4, 9, '2019-05-24 04:32:21', '2019-05-24 04:32:21'),
(180, 4, 24, '2019-05-24 04:32:21', '2019-05-24 04:32:21'),
(181, 3, 24, '2019-05-24 04:32:21', '2019-05-24 04:32:21'),
(182, 10, 6, '2019-05-24 04:32:21', '2019-05-24 04:32:21'),
(183, 31, 22, '2019-05-24 04:32:21', '2019-05-24 04:32:21'),
(184, 19, 11, '2019-05-24 04:32:21', '2019-05-24 04:32:21'),
(185, 30, 2, '2019-05-24 04:32:21', '2019-05-24 04:32:21'),
(186, 5, 11, '2019-05-24 04:32:21', '2019-05-24 04:32:21'),
(187, 27, 5, '2019-05-24 04:32:21', '2019-05-24 04:32:21'),
(188, 30, 29, '2019-05-24 04:32:21', '2019-05-24 04:32:21'),
(189, 24, 24, '2019-05-24 04:32:21', '2019-05-24 04:32:21'),
(190, 11, 20, '2019-05-24 04:32:22', '2019-05-24 04:32:22'),
(191, 24, 11, '2019-05-24 04:32:22', '2019-05-24 04:32:22'),
(192, 24, 16, '2019-05-24 04:32:22', '2019-05-24 04:32:22'),
(193, 25, 27, '2019-05-24 04:32:22', '2019-05-24 04:32:22'),
(194, 12, 6, '2019-05-24 04:32:22', '2019-05-24 04:32:22'),
(195, 28, 7, '2019-05-24 04:32:22', '2019-05-24 04:32:22'),
(196, 1, 21, '2019-05-24 04:32:22', '2019-05-24 04:32:22'),
(197, 22, 14, '2019-05-24 04:32:22', '2019-05-24 04:32:22'),
(198, 4, 3, '2019-05-24 04:32:22', '2019-05-24 04:32:22'),
(199, 26, 21, '2019-05-24 04:32:22', '2019-05-24 04:32:22'),
(200, 27, 16, '2019-05-24 04:32:22', '2019-05-24 04:32:22'),
(201, 11, 18, '2019-05-24 04:32:22', '2019-05-24 04:32:22'),
(202, 7, 25, '2019-05-24 04:32:22', '2019-05-24 04:32:22'),
(203, 30, 2, '2019-05-24 04:32:23', '2019-05-24 04:32:23'),
(204, 2, 12, '2019-05-24 04:32:23', '2019-05-24 04:32:23'),
(205, 27, 6, '2019-05-24 04:32:23', '2019-05-24 04:32:23'),
(206, 3, 11, '2019-05-24 04:32:23', '2019-05-24 04:32:23'),
(207, 28, 1, '2019-05-24 04:32:23', '2019-05-24 04:32:23'),
(208, 20, 24, '2019-05-24 04:32:23', '2019-05-24 04:32:23'),
(209, 18, 25, '2019-05-24 04:32:23', '2019-05-24 04:32:23'),
(210, 6, 24, '2019-05-24 04:32:23', '2019-05-24 04:32:23'),
(211, 15, 27, '2019-05-24 04:32:23', '2019-05-24 04:32:23'),
(212, 10, 20, '2019-05-24 04:32:24', '2019-05-24 04:32:24'),
(213, 1, 21, '2019-05-24 04:32:24', '2019-05-24 04:32:24'),
(214, 23, 6, '2019-05-24 04:32:24', '2019-05-24 04:32:24'),
(215, 16, 22, '2019-05-24 04:32:24', '2019-05-24 04:32:24'),
(216, 5, 16, '2019-05-24 04:32:24', '2019-05-24 04:32:24'),
(217, 5, 4, '2019-05-24 04:32:24', '2019-05-24 04:32:24'),
(218, 21, 6, '2019-05-24 04:32:24', '2019-05-24 04:32:24'),
(219, 14, 10, '2019-05-24 04:32:24', '2019-05-24 04:32:24'),
(220, 14, 13, '2019-05-24 04:32:24', '2019-05-24 04:32:24'),
(221, 26, 15, '2019-05-24 04:32:25', '2019-05-24 04:32:25'),
(222, 16, 29, '2019-05-24 04:32:25', '2019-05-24 04:32:25'),
(223, 14, 7, '2019-05-24 04:32:25', '2019-05-24 04:32:25'),
(224, 27, 10, '2019-05-24 04:32:25', '2019-05-24 04:32:25'),
(225, 20, 16, '2019-05-24 04:32:25', '2019-05-24 04:32:25'),
(226, 1, 16, '2019-05-24 04:32:25', '2019-05-24 04:32:25'),
(227, 31, 23, '2019-05-24 04:32:25', '2019-05-24 04:32:25'),
(228, 13, 4, '2019-05-24 04:32:25', '2019-05-24 04:32:25'),
(229, 26, 24, '2019-05-24 04:32:25', '2019-05-24 04:32:25'),
(230, 16, 8, '2019-05-24 04:32:25', '2019-05-24 04:32:25'),
(231, 18, 11, '2019-05-24 04:32:26', '2019-05-24 04:32:26'),
(232, 12, 19, '2019-05-24 04:32:26', '2019-05-24 04:32:26'),
(233, 3, 6, '2019-05-24 04:32:26', '2019-05-24 04:32:26'),
(234, 27, 15, '2019-05-24 04:32:26', '2019-05-24 04:32:26'),
(235, 20, 27, '2019-05-24 04:32:26', '2019-05-24 04:32:26'),
(236, 9, 30, '2019-05-24 04:32:26', '2019-05-24 04:32:26'),
(237, 9, 6, '2019-05-24 04:32:26', '2019-05-24 04:32:26'),
(238, 26, 18, '2019-05-24 04:32:26', '2019-05-24 04:32:26'),
(239, 25, 15, '2019-05-24 04:32:26', '2019-05-24 04:32:26'),
(240, 12, 8, '2019-05-24 04:32:26', '2019-05-24 04:32:26'),
(241, 20, 3, '2019-05-24 04:32:26', '2019-05-24 04:32:26'),
(242, 29, 7, '2019-05-24 04:32:27', '2019-05-24 04:32:27'),
(243, 31, 30, '2019-05-24 04:32:27', '2019-05-24 04:32:27'),
(244, 11, 10, '2019-05-24 04:32:27', '2019-05-24 04:32:27'),
(245, 8, 12, '2019-05-24 04:32:27', '2019-05-24 04:32:27'),
(246, 23, 19, '2019-05-24 04:32:27', '2019-05-24 04:32:27'),
(247, 19, 24, '2019-05-24 04:32:27', '2019-05-24 04:32:27'),
(248, 4, 20, '2019-05-24 04:32:27', '2019-05-24 04:32:27'),
(249, 1, 10, '2019-05-24 04:32:27', '2019-05-24 04:32:27'),
(250, 19, 6, '2019-05-24 04:32:27', '2019-05-24 04:32:27'),
(251, 22, 15, '2019-05-24 04:32:27', '2019-05-24 04:32:27'),
(252, 12, 15, '2019-05-24 04:32:28', '2019-05-24 04:32:28'),
(253, 18, 11, '2019-05-24 04:32:28', '2019-05-24 04:32:28'),
(254, 10, 19, '2019-05-24 04:32:28', '2019-05-24 04:32:28'),
(255, 19, 9, '2019-05-24 04:32:28', '2019-05-24 04:32:28'),
(256, 18, 29, '2019-05-24 04:32:28', '2019-05-24 04:32:28'),
(257, 6, 19, '2019-05-24 04:32:28', '2019-05-24 04:32:28'),
(258, 9, 11, '2019-05-24 04:32:28', '2019-05-24 04:32:28'),
(259, 13, 2, '2019-05-24 04:32:28', '2019-05-24 04:32:28'),
(260, 10, 4, '2019-05-24 04:32:28', '2019-05-24 04:32:28'),
(261, 8, 4, '2019-05-24 04:32:28', '2019-05-24 04:32:28'),
(262, 21, 19, '2019-05-24 04:32:28', '2019-05-24 04:32:28'),
(263, 1, 3, '2019-05-24 04:32:28', '2019-05-24 04:32:28'),
(264, 28, 22, '2019-05-24 04:32:28', '2019-05-24 04:32:28'),
(265, 13, 3, '2019-05-24 04:32:29', '2019-05-24 04:32:29'),
(266, 17, 2, '2019-05-24 04:32:29', '2019-05-24 04:32:29'),
(267, 21, 5, '2019-05-24 04:32:29', '2019-05-24 04:32:29'),
(268, 11, 21, '2019-05-24 04:32:29', '2019-05-24 04:32:29'),
(269, 20, 2, '2019-05-24 04:32:29', '2019-05-24 04:32:29'),
(270, 9, 9, '2019-05-24 04:32:29', '2019-05-24 04:32:29'),
(271, 11, 15, '2019-05-24 04:32:29', '2019-05-24 04:32:29'),
(272, 14, 23, '2019-05-24 04:32:29', '2019-05-24 04:32:29'),
(273, 23, 3, '2019-05-24 04:32:29', '2019-05-24 04:32:29'),
(274, 11, 8, '2019-05-24 04:32:30', '2019-05-24 04:32:30'),
(275, 27, 30, '2019-05-24 04:32:30', '2019-05-24 04:32:30'),
(276, 2, 6, '2019-05-24 04:32:30', '2019-05-24 04:32:30'),
(277, 8, 19, '2019-05-24 04:32:30', '2019-05-24 04:32:30'),
(278, 2, 27, '2019-05-24 04:32:30', '2019-05-24 04:32:30'),
(279, 11, 16, '2019-05-24 04:32:30', '2019-05-24 04:32:30'),
(280, 14, 4, '2019-05-24 04:32:30', '2019-05-24 04:32:30'),
(281, 16, 12, '2019-05-24 04:32:30', '2019-05-24 04:32:30'),
(282, 29, 3, '2019-05-24 04:32:30', '2019-05-24 04:32:30'),
(283, 16, 27, '2019-05-24 04:32:30', '2019-05-24 04:32:30'),
(284, 27, 8, '2019-05-24 04:32:30', '2019-05-24 04:32:30'),
(285, 19, 24, '2019-05-24 04:32:30', '2019-05-24 04:32:30'),
(286, 27, 5, '2019-05-24 04:32:30', '2019-05-24 04:32:30'),
(287, 23, 17, '2019-05-24 04:32:30', '2019-05-24 04:32:30'),
(288, 23, 12, '2019-05-24 04:32:30', '2019-05-24 04:32:30'),
(289, 3, 11, '2019-05-24 04:32:30', '2019-05-24 04:32:30'),
(290, 31, 14, '2019-05-24 04:32:30', '2019-05-24 04:32:30'),
(291, 24, 5, '2019-05-24 04:32:30', '2019-05-24 04:32:30'),
(292, 5, 24, '2019-05-24 04:32:30', '2019-05-24 04:32:30'),
(293, 16, 2, '2019-05-24 04:32:30', '2019-05-24 04:32:30'),
(294, 7, 19, '2019-05-24 04:32:30', '2019-05-24 04:32:30'),
(295, 14, 22, '2019-05-24 04:32:30', '2019-05-24 04:32:30'),
(296, 13, 19, '2019-05-24 04:32:30', '2019-05-24 04:32:30'),
(297, 6, 11, '2019-05-24 04:32:31', '2019-05-24 04:32:31'),
(298, 4, 3, '2019-05-24 04:32:31', '2019-05-24 04:32:31'),
(299, 6, 15, '2019-05-24 04:32:31', '2019-05-24 04:32:31'),
(300, 14, 22, '2019-05-24 04:32:31', '2019-05-24 04:32:31'),
(301, 26, 19, '2019-05-24 04:32:31', '2019-05-24 04:32:31'),
(302, 10, 6, '2019-05-24 04:32:31', '2019-05-24 04:32:31'),
(303, 26, 12, '2019-05-24 04:32:31', '2019-05-24 04:32:31'),
(304, 10, 1, '2019-05-24 04:32:31', '2019-05-24 04:32:31'),
(305, 13, 11, '2019-05-24 04:32:31', '2019-05-24 04:32:31'),
(306, 13, 14, '2019-05-24 04:32:31', '2019-05-24 04:32:31'),
(307, 26, 20, '2019-05-24 04:32:31', '2019-05-24 04:32:31'),
(308, 29, 18, '2019-05-24 04:32:31', '2019-05-24 04:32:31'),
(309, 26, 14, '2019-05-24 04:32:31', '2019-05-24 04:32:31'),
(310, 25, 26, '2019-05-24 04:32:31', '2019-05-24 04:32:31'),
(311, 8, 24, '2019-05-24 04:32:31', '2019-05-24 04:32:31'),
(312, 24, 27, '2019-05-24 04:32:31', '2019-05-24 04:32:31'),
(313, 3, 11, '2019-05-24 04:32:31', '2019-05-24 04:32:31'),
(314, 20, 6, '2019-05-24 04:32:31', '2019-05-24 04:32:31'),
(315, 14, 2, '2019-05-24 04:32:31', '2019-05-24 04:32:31'),
(316, 17, 11, '2019-05-24 04:32:31', '2019-05-24 04:32:31'),
(317, 8, 17, '2019-05-24 04:32:31', '2019-05-24 04:32:31'),
(318, 12, 16, '2019-05-24 04:32:32', '2019-05-24 04:32:32'),
(319, 5, 5, '2019-05-24 04:32:32', '2019-05-24 04:32:32'),
(320, 21, 11, '2019-05-24 04:32:32', '2019-05-24 04:32:32'),
(321, 4, 7, '2019-05-24 04:32:32', '2019-05-24 04:32:32'),
(322, 25, 17, '2019-05-24 04:32:32', '2019-05-24 04:32:32'),
(323, 7, 16, '2019-05-24 04:32:32', '2019-05-24 04:32:32'),
(324, 3, 7, '2019-05-24 04:32:32', '2019-05-24 04:32:32'),
(325, 24, 9, '2019-05-24 04:32:32', '2019-05-24 04:32:32'),
(326, 18, 30, '2019-05-24 04:32:32', '2019-05-24 04:32:32'),
(327, 27, 23, '2019-05-24 04:32:32', '2019-05-24 04:32:32'),
(328, 12, 29, '2019-05-24 04:32:32', '2019-05-24 04:32:32'),
(329, 23, 18, '2019-05-24 04:32:32', '2019-05-24 04:32:32'),
(330, 20, 10, '2019-05-24 04:32:32', '2019-05-24 04:32:32'),
(331, 6, 2, '2019-05-24 04:32:32', '2019-05-24 04:32:32'),
(332, 5, 23, '2019-05-24 04:32:32', '2019-05-24 04:32:32'),
(333, 15, 8, '2019-05-24 04:32:32', '2019-05-24 04:32:32'),
(334, 11, 25, '2019-05-24 04:32:32', '2019-05-24 04:32:32'),
(335, 14, 28, '2019-05-24 04:32:32', '2019-05-24 04:32:32'),
(336, 18, 24, '2019-05-24 04:32:32', '2019-05-24 04:32:32'),
(337, 3, 5, '2019-05-24 04:32:32', '2019-05-24 04:32:32'),
(338, 29, 19, '2019-05-24 04:32:32', '2019-05-24 04:32:32'),
(339, 23, 10, '2019-05-24 04:32:32', '2019-05-24 04:32:32'),
(340, 3, 6, '2019-05-24 04:32:32', '2019-05-24 04:32:32'),
(341, 20, 22, '2019-05-24 04:32:32', '2019-05-24 04:32:32'),
(342, 21, 7, '2019-05-24 04:32:33', '2019-05-24 04:32:33'),
(343, 26, 16, '2019-05-24 04:32:33', '2019-05-24 04:32:33'),
(344, 31, 2, '2019-05-24 04:32:33', '2019-05-24 04:32:33'),
(345, 12, 11, '2019-05-24 04:32:33', '2019-05-24 04:32:33'),
(346, 29, 17, '2019-05-24 04:32:33', '2019-05-24 04:32:33'),
(347, 30, 8, '2019-05-24 04:32:33', '2019-05-24 04:32:33'),
(348, 12, 22, '2019-05-24 04:32:33', '2019-05-24 04:32:33'),
(349, 14, 23, '2019-05-24 04:32:33', '2019-05-24 04:32:33'),
(350, 10, 11, '2019-05-24 04:32:33', '2019-05-24 04:32:33'),
(351, 16, 28, '2019-05-24 04:32:33', '2019-05-24 04:32:33'),
(352, 26, 27, '2019-05-24 04:32:33', '2019-05-24 04:32:33'),
(353, 26, 20, '2019-05-24 04:32:33', '2019-05-24 04:32:33'),
(354, 13, 1, '2019-05-24 04:32:33', '2019-05-24 04:32:33'),
(355, 23, 1, '2019-05-24 04:32:33', '2019-05-24 04:32:33'),
(356, 18, 28, '2019-05-24 04:32:33', '2019-05-24 04:32:33'),
(357, 9, 22, '2019-05-24 04:32:33', '2019-05-24 04:32:33'),
(358, 3, 2, '2019-05-24 04:32:33', '2019-05-24 04:32:33'),
(359, 25, 7, '2019-05-24 04:32:33', '2019-05-24 04:32:33'),
(360, 27, 16, '2019-05-24 04:32:33', '2019-05-24 04:32:33'),
(361, 28, 26, '2019-05-24 04:32:33', '2019-05-24 04:32:33'),
(362, 3, 22, '2019-05-24 04:32:33', '2019-05-24 04:32:33'),
(363, 3, 20, '2019-05-24 04:32:33', '2019-05-24 04:32:33'),
(364, 12, 22, '2019-05-24 04:32:34', '2019-05-24 04:32:34'),
(365, 24, 13, '2019-05-24 04:32:34', '2019-05-24 04:32:34'),
(366, 6, 26, '2019-05-24 04:32:34', '2019-05-24 04:32:34'),
(367, 11, 6, '2019-05-24 04:32:34', '2019-05-24 04:32:34'),
(368, 8, 6, '2019-05-24 04:32:34', '2019-05-24 04:32:34'),
(369, 9, 17, '2019-05-24 04:32:34', '2019-05-24 04:32:34'),
(370, 28, 7, '2019-05-24 04:32:34', '2019-05-24 04:32:34'),
(371, 5, 14, '2019-05-24 04:32:34', '2019-05-24 04:32:34'),
(372, 8, 19, '2019-05-24 04:32:34', '2019-05-24 04:32:34'),
(373, 5, 16, '2019-05-24 04:32:34', '2019-05-24 04:32:34'),
(374, 29, 21, '2019-05-24 04:32:34', '2019-05-24 04:32:34'),
(375, 23, 27, '2019-05-24 04:32:34', '2019-05-24 04:32:34'),
(376, 15, 25, '2019-05-24 04:32:34', '2019-05-24 04:32:34'),
(377, 31, 12, '2019-05-24 04:32:34', '2019-05-24 04:32:34'),
(378, 27, 27, '2019-05-24 04:32:34', '2019-05-24 04:32:34'),
(379, 30, 25, '2019-05-24 04:32:34', '2019-05-24 04:32:34'),
(380, 25, 3, '2019-05-24 04:32:34', '2019-05-24 04:32:34'),
(381, 15, 11, '2019-05-24 04:32:34', '2019-05-24 04:32:34'),
(382, 17, 11, '2019-05-24 04:32:34', '2019-05-24 04:32:34'),
(383, 10, 27, '2019-05-24 04:32:34', '2019-05-24 04:32:34'),
(384, 21, 24, '2019-05-24 04:32:34', '2019-05-24 04:32:34'),
(385, 8, 13, '2019-05-24 04:32:35', '2019-05-24 04:32:35'),
(386, 14, 27, '2019-05-24 04:32:35', '2019-05-24 04:32:35'),
(387, 8, 25, '2019-05-24 04:32:35', '2019-05-24 04:32:35'),
(388, 17, 3, '2019-05-24 04:32:35', '2019-05-24 04:32:35'),
(389, 31, 6, '2019-05-24 04:32:35', '2019-05-24 04:32:35'),
(390, 4, 30, '2019-05-24 04:32:35', '2019-05-24 04:32:35'),
(391, 9, 26, '2019-05-24 04:32:35', '2019-05-24 04:32:35'),
(392, 7, 24, '2019-05-24 04:32:35', '2019-05-24 04:32:35'),
(393, 25, 23, '2019-05-24 04:32:35', '2019-05-24 04:32:35'),
(394, 24, 24, '2019-05-24 04:32:35', '2019-05-24 04:32:35'),
(395, 1, 11, '2019-05-24 04:32:35', '2019-05-24 04:32:35'),
(396, 24, 14, '2019-05-24 04:32:35', '2019-05-24 04:32:35'),
(397, 7, 5, '2019-05-24 04:32:35', '2019-05-24 04:32:35'),
(398, 5, 3, '2019-05-24 04:32:35', '2019-05-24 04:32:35'),
(399, 4, 20, '2019-05-24 04:32:35', '2019-05-24 04:32:35'),
(400, 31, 27, '2019-05-24 04:32:35', '2019-05-24 04:32:35'),
(401, 29, 23, '2019-05-24 04:32:35', '2019-05-24 04:32:35'),
(402, 16, 9, '2019-05-24 04:32:35', '2019-05-24 04:32:35'),
(403, 3, 13, '2019-05-24 04:32:35', '2019-05-24 04:32:35'),
(404, 30, 11, '2019-05-24 04:32:35', '2019-05-24 04:32:35'),
(405, 17, 2, '2019-05-24 04:32:35', '2019-05-24 04:32:35'),
(406, 26, 26, '2019-05-24 04:32:35', '2019-05-24 04:32:35'),
(407, 20, 29, '2019-05-24 04:32:35', '2019-05-24 04:32:35'),
(408, 28, 25, '2019-05-24 04:32:35', '2019-05-24 04:32:35'),
(409, 30, 22, '2019-05-24 04:32:36', '2019-05-24 04:32:36'),
(410, 29, 27, '2019-05-24 04:32:36', '2019-05-24 04:32:36'),
(411, 24, 3, '2019-05-24 04:32:36', '2019-05-24 04:32:36'),
(412, 1, 26, '2019-05-24 04:32:36', '2019-05-24 04:32:36'),
(413, 9, 21, '2019-05-24 04:32:36', '2019-05-24 04:32:36'),
(414, 20, 7, '2019-05-24 04:32:36', '2019-05-24 04:32:36'),
(415, 4, 4, '2019-05-24 04:32:36', '2019-05-24 04:32:36'),
(416, 31, 21, '2019-05-24 04:32:36', '2019-05-24 04:32:36'),
(417, 26, 23, '2019-05-24 04:32:36', '2019-05-24 04:32:36'),
(418, 15, 2, '2019-05-24 04:32:36', '2019-05-24 04:32:36'),
(419, 28, 25, '2019-05-24 04:32:36', '2019-05-24 04:32:36'),
(420, 10, 21, '2019-05-24 04:32:36', '2019-05-24 04:32:36'),
(421, 5, 20, '2019-05-24 04:32:36', '2019-05-24 04:32:36'),
(422, 17, 28, '2019-05-24 04:32:36', '2019-05-24 04:32:36'),
(423, 5, 8, '2019-05-24 04:32:36', '2019-05-24 04:32:36'),
(424, 28, 5, '2019-05-24 04:32:36', '2019-05-24 04:32:36'),
(425, 7, 14, '2019-05-24 04:32:36', '2019-05-24 04:32:36'),
(426, 30, 15, '2019-05-24 04:32:36', '2019-05-24 04:32:36'),
(427, 2, 9, '2019-05-24 04:32:36', '2019-05-24 04:32:36'),
(428, 19, 13, '2019-05-24 04:32:37', '2019-05-24 04:32:37'),
(429, 17, 7, '2019-05-24 04:32:37', '2019-05-24 04:32:37'),
(430, 24, 11, '2019-05-24 04:32:37', '2019-05-24 04:32:37'),
(431, 3, 11, '2019-05-24 04:32:37', '2019-05-24 04:32:37'),
(432, 6, 23, '2019-05-24 04:32:37', '2019-05-24 04:32:37'),
(433, 22, 19, '2019-05-24 04:32:37', '2019-05-24 04:32:37'),
(434, 26, 4, '2019-05-24 04:32:37', '2019-05-24 04:32:37'),
(435, 5, 26, '2019-05-24 04:32:37', '2019-05-24 04:32:37'),
(436, 20, 1, '2019-05-24 04:32:37', '2019-05-24 04:32:37'),
(437, 1, 26, '2019-05-24 04:32:37', '2019-05-24 04:32:37'),
(438, 21, 18, '2019-05-24 04:32:37', '2019-05-24 04:32:37'),
(439, 31, 9, '2019-05-24 04:32:37', '2019-05-24 04:32:37'),
(440, 22, 13, '2019-05-24 04:32:37', '2019-05-24 04:32:37'),
(441, 12, 11, '2019-05-24 04:32:37', '2019-05-24 04:32:37'),
(442, 14, 1, '2019-05-24 04:32:37', '2019-05-24 04:32:37'),
(443, 18, 11, '2019-05-24 04:32:37', '2019-05-24 04:32:37'),
(444, 15, 23, '2019-05-24 04:32:37', '2019-05-24 04:32:37'),
(445, 10, 27, '2019-05-24 04:32:37', '2019-05-24 04:32:37'),
(446, 14, 28, '2019-05-24 04:32:37', '2019-05-24 04:32:37'),
(447, 13, 24, '2019-05-24 04:32:37', '2019-05-24 04:32:37'),
(448, 21, 1, '2019-05-24 04:32:37', '2019-05-24 04:32:37'),
(449, 25, 16, '2019-05-24 04:32:37', '2019-05-24 04:32:37'),
(450, 25, 5, '2019-05-24 04:32:37', '2019-05-24 04:32:37'),
(451, 1, 25, '2019-05-24 04:32:38', '2019-05-24 04:32:38'),
(452, 31, 15, '2019-05-24 04:32:38', '2019-05-24 04:32:38'),
(453, 12, 1, '2019-05-24 04:32:38', '2019-05-24 04:32:38'),
(454, 25, 26, '2019-05-24 04:32:38', '2019-05-24 04:32:38'),
(455, 26, 18, '2019-05-24 04:32:38', '2019-05-24 04:32:38'),
(456, 11, 8, '2019-05-24 04:32:38', '2019-05-24 04:32:38'),
(457, 21, 12, '2019-05-24 04:32:38', '2019-05-24 04:32:38'),
(458, 26, 10, '2019-05-24 04:32:38', '2019-05-24 04:32:38'),
(459, 5, 6, '2019-05-24 04:32:38', '2019-05-24 04:32:38'),
(460, 3, 13, '2019-05-24 04:32:38', '2019-05-24 04:32:38'),
(461, 24, 1, '2019-05-24 04:32:38', '2019-05-24 04:32:38'),
(462, 27, 13, '2019-05-24 04:32:38', '2019-05-24 04:32:38'),
(463, 14, 17, '2019-05-24 04:32:38', '2019-05-24 04:32:38'),
(464, 13, 4, '2019-05-24 04:32:38', '2019-05-24 04:32:38'),
(465, 25, 23, '2019-05-24 04:32:38', '2019-05-24 04:32:38'),
(466, 31, 10, '2019-05-24 04:32:39', '2019-05-24 04:32:39'),
(467, 7, 25, '2019-05-24 04:32:39', '2019-05-24 04:32:39'),
(468, 10, 20, '2019-05-24 04:32:39', '2019-05-24 04:32:39'),
(469, 26, 10, '2019-05-24 04:32:39', '2019-05-24 04:32:39'),
(470, 24, 19, '2019-05-24 04:32:39', '2019-05-24 04:32:39'),
(471, 6, 29, '2019-05-24 04:32:39', '2019-05-24 04:32:39'),
(472, 5, 5, '2019-05-24 04:32:39', '2019-05-24 04:32:39'),
(473, 22, 26, '2019-05-24 04:32:39', '2019-05-24 04:32:39'),
(474, 10, 2, '2019-05-24 04:32:39', '2019-05-24 04:32:39'),
(475, 5, 6, '2019-05-24 04:32:40', '2019-05-24 04:32:40'),
(476, 10, 2, '2019-05-24 04:32:40', '2019-05-24 04:32:40'),
(477, 5, 10, '2019-05-24 04:32:40', '2019-05-24 04:32:40'),
(478, 17, 13, '2019-05-24 04:32:40', '2019-05-24 04:32:40'),
(479, 2, 21, '2019-05-24 04:32:40', '2019-05-24 04:32:40'),
(480, 26, 16, '2019-05-24 04:32:40', '2019-05-24 04:32:40'),
(481, 15, 13, '2019-05-24 04:32:40', '2019-05-24 04:32:40'),
(482, 13, 6, '2019-05-24 04:32:40', '2019-05-24 04:32:40'),
(483, 13, 21, '2019-05-24 04:32:40', '2019-05-24 04:32:40'),
(484, 2, 13, '2019-05-24 04:32:40', '2019-05-24 04:32:40'),
(485, 5, 19, '2019-05-24 04:32:40', '2019-05-24 04:32:40'),
(486, 27, 13, '2019-05-24 04:32:40', '2019-05-24 04:32:40'),
(487, 18, 8, '2019-05-24 04:32:40', '2019-05-24 04:32:40'),
(488, 15, 15, '2019-05-24 04:32:40', '2019-05-24 04:32:40'),
(489, 31, 2, '2019-05-24 04:32:40', '2019-05-24 04:32:40'),
(490, 30, 19, '2019-05-24 04:32:41', '2019-05-24 04:32:41'),
(491, 19, 25, '2019-05-24 04:32:41', '2019-05-24 04:32:41'),
(492, 15, 15, '2019-05-24 04:32:41', '2019-05-24 04:32:41'),
(493, 17, 12, '2019-05-24 04:32:41', '2019-05-24 04:32:41'),
(494, 30, 5, '2019-05-24 04:32:41', '2019-05-24 04:32:41'),
(495, 11, 28, '2019-05-24 04:32:41', '2019-05-24 04:32:41'),
(496, 13, 22, '2019-05-24 04:32:41', '2019-05-24 04:32:41'),
(497, 27, 15, '2019-05-24 04:32:41', '2019-05-24 04:32:41'),
(498, 2, 21, '2019-05-24 04:32:41', '2019-05-24 04:32:41'),
(499, 22, 27, '2019-05-24 04:32:41', '2019-05-24 04:32:41'),
(500, 18, 18, '2019-05-24 04:32:41', '2019-05-24 04:32:41'),
(501, 12, 23, '2019-05-24 04:32:41', '2019-05-24 04:32:41'),
(502, 9, 4, '2019-05-24 04:32:41', '2019-05-24 04:32:41'),
(503, 21, 27, '2019-05-24 04:32:41', '2019-05-24 04:32:41'),
(504, 29, 7, '2019-05-24 04:32:41', '2019-05-24 04:32:41'),
(505, 7, 28, '2019-05-24 04:32:42', '2019-05-24 04:32:42'),
(506, 5, 18, '2019-05-24 04:32:42', '2019-05-24 04:32:42'),
(507, 30, 3, '2019-05-24 04:32:42', '2019-05-24 04:32:42'),
(508, 15, 5, '2019-05-24 04:32:42', '2019-05-24 04:32:42'),
(509, 4, 22, '2019-05-24 04:32:42', '2019-05-24 04:32:42'),
(510, 4, 2, '2019-05-24 04:32:42', '2019-05-24 04:32:42'),
(511, 30, 8, '2019-05-24 04:32:42', '2019-05-24 04:32:42'),
(512, 27, 8, '2019-05-24 04:32:42', '2019-05-24 04:32:42'),
(513, 8, 10, '2019-05-24 04:32:42', '2019-05-24 04:32:42'),
(514, 31, 6, '2019-05-24 04:32:42', '2019-05-24 04:32:42'),
(515, 2, 26, '2019-05-24 04:32:42', '2019-05-24 04:32:42'),
(516, 17, 14, '2019-05-24 04:32:42', '2019-05-24 04:32:42'),
(517, 15, 21, '2019-05-24 04:32:42', '2019-05-24 04:32:42'),
(518, 20, 18, '2019-05-24 04:32:42', '2019-05-24 04:32:42'),
(519, 26, 28, '2019-05-24 04:32:42', '2019-05-24 04:32:42'),
(520, 8, 12, '2019-05-24 04:32:42', '2019-05-24 04:32:42'),
(521, 19, 24, '2019-05-24 04:32:43', '2019-05-24 04:32:43'),
(522, 16, 11, '2019-05-24 04:32:43', '2019-05-24 04:32:43'),
(523, 2, 2, '2019-05-24 04:32:43', '2019-05-24 04:32:43'),
(524, 18, 12, '2019-05-24 04:32:43', '2019-05-24 04:32:43'),
(525, 31, 3, '2019-05-24 04:32:43', '2019-05-24 04:32:43'),
(526, 1, 14, '2019-05-24 04:32:43', '2019-05-24 04:32:43'),
(527, 28, 1, '2019-05-24 04:32:43', '2019-05-24 04:32:43'),
(528, 5, 12, '2019-05-24 04:32:43', '2019-05-24 04:32:43'),
(529, 10, 29, '2019-05-24 04:32:43', '2019-05-24 04:32:43'),
(530, 7, 20, '2019-05-24 04:32:43', '2019-05-24 04:32:43'),
(531, 10, 11, '2019-05-24 04:32:43', '2019-05-24 04:32:43'),
(532, 9, 10, '2019-05-24 04:32:43', '2019-05-24 04:32:43'),
(533, 17, 9, '2019-05-24 04:32:43', '2019-05-24 04:32:43'),
(534, 1, 15, '2019-05-24 04:32:43', '2019-05-24 04:32:43'),
(535, 17, 4, '2019-05-24 04:32:43', '2019-05-24 04:32:43'),
(536, 31, 16, '2019-05-24 04:32:43', '2019-05-24 04:32:43'),
(537, 2, 9, '2019-05-24 04:32:43', '2019-05-24 04:32:43'),
(538, 20, 30, '2019-05-24 04:32:44', '2019-05-24 04:32:44'),
(539, 1, 17, '2019-05-24 04:32:44', '2019-05-24 04:32:44'),
(540, 31, 17, '2019-05-24 04:32:44', '2019-05-24 04:32:44'),
(541, 12, 3, '2019-05-24 04:32:44', '2019-05-24 04:32:44'),
(542, 17, 2, '2019-05-24 04:32:44', '2019-05-24 04:32:44'),
(543, 22, 12, '2019-05-24 04:32:44', '2019-05-24 04:32:44'),
(544, 20, 1, '2019-05-24 04:32:44', '2019-05-24 04:32:44'),
(545, 2, 10, '2019-05-24 04:32:44', '2019-05-24 04:32:44'),
(546, 23, 29, '2019-05-24 04:32:44', '2019-05-24 04:32:44'),
(547, 24, 20, '2019-05-24 04:32:44', '2019-05-24 04:32:44'),
(548, 24, 17, '2019-05-24 04:32:44', '2019-05-24 04:32:44'),
(549, 14, 19, '2019-05-24 04:32:44', '2019-05-24 04:32:44'),
(550, 16, 7, '2019-05-24 04:32:44', '2019-05-24 04:32:44'),
(551, 21, 25, '2019-05-24 04:32:44', '2019-05-24 04:32:44'),
(552, 13, 8, '2019-05-24 04:32:44', '2019-05-24 04:32:44'),
(553, 2, 21, '2019-05-24 04:32:44', '2019-05-24 04:32:44'),
(554, 12, 10, '2019-05-24 04:32:44', '2019-05-24 04:32:44'),
(555, 31, 12, '2019-05-24 04:32:45', '2019-05-24 04:32:45'),
(556, 18, 6, '2019-05-24 04:32:45', '2019-05-24 04:32:45'),
(557, 5, 2, '2019-05-24 04:32:45', '2019-05-24 04:32:45'),
(558, 23, 30, '2019-05-24 04:32:45', '2019-05-24 04:32:45'),
(559, 29, 2, '2019-05-24 04:32:45', '2019-05-24 04:32:45'),
(560, 12, 4, '2019-05-24 04:32:45', '2019-05-24 04:32:45'),
(561, 21, 14, '2019-05-24 04:32:45', '2019-05-24 04:32:45'),
(562, 27, 21, '2019-05-24 04:32:45', '2019-05-24 04:32:45'),
(563, 5, 11, '2019-05-24 04:32:45', '2019-05-24 04:32:45'),
(564, 10, 3, '2019-05-24 04:32:45', '2019-05-24 04:32:45'),
(565, 10, 3, '2019-05-24 04:32:45', '2019-05-24 04:32:45'),
(566, 9, 26, '2019-05-24 04:32:45', '2019-05-24 04:32:45'),
(567, 17, 16, '2019-05-24 04:32:45', '2019-05-24 04:32:45'),
(568, 3, 9, '2019-05-24 04:32:45', '2019-05-24 04:32:45'),
(569, 2, 8, '2019-05-24 04:32:45', '2019-05-24 04:32:45'),
(570, 24, 19, '2019-05-24 04:32:45', '2019-05-24 04:32:45'),
(571, 5, 15, '2019-05-24 04:32:46', '2019-05-24 04:32:46'),
(572, 12, 1, '2019-05-24 04:32:46', '2019-05-24 04:32:46'),
(573, 30, 7, '2019-05-24 04:32:46', '2019-05-24 04:32:46'),
(574, 13, 16, '2019-05-24 04:32:46', '2019-05-24 04:32:46'),
(575, 15, 18, '2019-05-24 04:32:46', '2019-05-24 04:32:46'),
(576, 27, 6, '2019-05-24 04:32:46', '2019-05-24 04:32:46'),
(577, 8, 16, '2019-05-24 04:32:46', '2019-05-24 04:32:46'),
(578, 10, 24, '2019-05-24 04:32:46', '2019-05-24 04:32:46'),
(579, 15, 25, '2019-05-24 04:32:46', '2019-05-24 04:32:46'),
(580, 27, 9, '2019-05-24 04:32:46', '2019-05-24 04:32:46'),
(581, 4, 18, '2019-05-24 04:32:47', '2019-05-24 04:32:47'),
(582, 13, 20, '2019-05-24 04:32:47', '2019-05-24 04:32:47'),
(583, 5, 9, '2019-05-24 04:32:47', '2019-05-24 04:32:47'),
(584, 30, 23, '2019-05-24 04:32:47', '2019-05-24 04:32:47'),
(585, 1, 23, '2019-05-24 04:32:47', '2019-05-24 04:32:47'),
(586, 2, 20, '2019-05-24 04:32:47', '2019-05-24 04:32:47'),
(587, 15, 23, '2019-05-24 04:32:47', '2019-05-24 04:32:47'),
(588, 21, 4, '2019-05-24 04:32:47', '2019-05-24 04:32:47'),
(589, 7, 7, '2019-05-24 04:32:47', '2019-05-24 04:32:47'),
(590, 18, 30, '2019-05-24 04:32:47', '2019-05-24 04:32:47'),
(591, 17, 12, '2019-05-24 04:32:47', '2019-05-24 04:32:47'),
(592, 14, 7, '2019-05-24 04:32:47', '2019-05-24 04:32:47'),
(593, 29, 3, '2019-05-24 04:32:48', '2019-05-24 04:32:48'),
(594, 9, 20, '2019-05-24 04:32:48', '2019-05-24 04:32:48'),
(595, 9, 3, '2019-05-24 04:32:48', '2019-05-24 04:32:48'),
(596, 5, 29, '2019-05-24 04:32:48', '2019-05-24 04:32:48'),
(597, 22, 30, '2019-05-24 04:32:48', '2019-05-24 04:32:48'),
(598, 28, 23, '2019-05-24 04:32:48', '2019-05-24 04:32:48'),
(599, 20, 25, '2019-05-24 04:32:48', '2019-05-24 04:32:48'),
(600, 1, 11, '2019-05-24 04:32:48', '2019-05-24 04:32:48'),
(601, 31, 28, '2019-05-24 04:32:48', '2019-05-24 04:32:48'),
(602, 11, 7, '2019-05-24 04:32:48', '2019-05-24 04:32:48'),
(603, 25, 25, '2019-05-24 04:32:48', '2019-05-24 04:32:48'),
(604, 14, 2, '2019-05-24 04:32:48', '2019-05-24 04:32:48'),
(605, 1, 22, '2019-05-24 04:32:48', '2019-05-24 04:32:48'),
(606, 27, 1, '2019-05-24 04:32:48', '2019-05-24 04:32:48'),
(607, 25, 13, '2019-05-24 04:32:49', '2019-05-24 04:32:49'),
(608, 1, 5, '2019-05-24 04:32:49', '2019-05-24 04:32:49'),
(609, 25, 18, '2019-05-24 04:32:49', '2019-05-24 04:32:49'),
(610, 13, 3, '2019-05-24 04:32:49', '2019-05-24 04:32:49'),
(611, 11, 10, '2019-05-24 04:32:49', '2019-05-24 04:32:49'),
(612, 16, 16, '2019-05-24 04:32:49', '2019-05-24 04:32:49'),
(613, 5, 9, '2019-05-24 04:32:49', '2019-05-24 04:32:49'),
(614, 28, 20, '2019-05-24 04:32:49', '2019-05-24 04:32:49'),
(615, 24, 28, '2019-05-24 04:32:49', '2019-05-24 04:32:49'),
(616, 15, 14, '2019-05-24 04:32:49', '2019-05-24 04:32:49'),
(617, 9, 4, '2019-05-24 04:32:49', '2019-05-24 04:32:49'),
(618, 20, 4, '2019-05-24 04:32:49', '2019-05-24 04:32:49'),
(619, 31, 23, '2019-05-24 04:32:50', '2019-05-24 04:32:50'),
(620, 12, 12, '2019-05-24 04:32:50', '2019-05-24 04:32:50'),
(621, 7, 6, '2019-05-24 04:32:50', '2019-05-24 04:32:50'),
(622, 8, 15, '2019-05-24 04:32:50', '2019-05-24 04:32:50'),
(623, 11, 6, '2019-05-24 04:32:50', '2019-05-24 04:32:50'),
(624, 18, 18, '2019-05-24 04:32:50', '2019-05-24 04:32:50'),
(625, 13, 28, '2019-05-24 04:32:50', '2019-05-24 04:32:50'),
(626, 29, 12, '2019-05-24 04:32:50', '2019-05-24 04:32:50'),
(627, 30, 1, '2019-05-24 04:32:50', '2019-05-24 04:32:50'),
(628, 26, 18, '2019-05-24 04:32:50', '2019-05-24 04:32:50'),
(629, 15, 3, '2019-05-24 04:32:50', '2019-05-24 04:32:50'),
(630, 21, 12, '2019-05-24 04:32:51', '2019-05-24 04:32:51'),
(631, 19, 8, '2019-05-24 04:32:51', '2019-05-24 04:32:51'),
(632, 11, 7, '2019-05-24 04:32:51', '2019-05-24 04:32:51'),
(633, 16, 14, '2019-05-24 04:32:51', '2019-05-24 04:32:51'),
(634, 25, 7, '2019-05-24 04:32:51', '2019-05-24 04:32:51'),
(635, 18, 1, '2019-05-24 04:32:51', '2019-05-24 04:32:51'),
(636, 13, 14, '2019-05-24 04:32:51', '2019-05-24 04:32:51'),
(637, 20, 2, '2019-05-24 04:32:51', '2019-05-24 04:32:51'),
(638, 18, 3, '2019-05-24 04:32:51', '2019-05-24 04:32:51'),
(639, 6, 4, '2019-05-24 04:32:51', '2019-05-24 04:32:51'),
(640, 8, 23, '2019-05-24 04:32:51', '2019-05-24 04:32:51'),
(641, 9, 29, '2019-05-24 04:32:51', '2019-05-24 04:32:51'),
(642, 28, 22, '2019-05-24 04:32:51', '2019-05-24 04:32:51'),
(643, 26, 29, '2019-05-24 04:32:52', '2019-05-24 04:32:52'),
(644, 20, 18, '2019-05-24 04:32:52', '2019-05-24 04:32:52'),
(645, 30, 14, '2019-05-24 04:32:52', '2019-05-24 04:32:52'),
(646, 5, 28, '2019-05-24 04:32:52', '2019-05-24 04:32:52'),
(647, 14, 12, '2019-05-24 04:32:52', '2019-05-24 04:32:52'),
(648, 12, 13, '2019-05-24 04:32:52', '2019-05-24 04:32:52'),
(649, 22, 28, '2019-05-24 04:32:52', '2019-05-24 04:32:52'),
(650, 30, 21, '2019-05-24 04:32:52', '2019-05-24 04:32:52'),
(651, 1, 2, '2019-05-24 04:32:52', '2019-05-24 04:32:52'),
(652, 28, 16, '2019-05-24 04:32:52', '2019-05-24 04:32:52'),
(653, 24, 24, '2019-05-24 04:32:52', '2019-05-24 04:32:52'),
(654, 17, 13, '2019-05-24 04:32:52', '2019-05-24 04:32:52'),
(655, 10, 30, '2019-05-24 04:32:52', '2019-05-24 04:32:52'),
(656, 16, 5, '2019-05-24 04:32:52', '2019-05-24 04:32:52'),
(657, 15, 26, '2019-05-24 04:32:53', '2019-05-24 04:32:53'),
(658, 10, 13, '2019-05-24 04:32:53', '2019-05-24 04:32:53'),
(659, 29, 8, '2019-05-24 04:32:53', '2019-05-24 04:32:53'),
(660, 25, 2, '2019-05-24 04:32:53', '2019-05-24 04:32:53'),
(661, 27, 1, '2019-05-24 04:32:53', '2019-05-24 04:32:53'),
(662, 6, 19, '2019-05-24 04:32:53', '2019-05-24 04:32:53'),
(663, 21, 27, '2019-05-24 04:32:53', '2019-05-24 04:32:53'),
(664, 11, 29, '2019-05-24 04:32:53', '2019-05-24 04:32:53'),
(665, 14, 10, '2019-05-24 04:32:53', '2019-05-24 04:32:53'),
(666, 21, 15, '2019-05-24 04:32:53', '2019-05-24 04:32:53'),
(667, 25, 9, '2019-05-24 04:32:53', '2019-05-24 04:32:53'),
(668, 29, 23, '2019-05-24 04:32:53', '2019-05-24 04:32:53'),
(669, 2, 24, '2019-05-24 04:32:53', '2019-05-24 04:32:53'),
(670, 11, 30, '2019-05-24 04:32:53', '2019-05-24 04:32:53'),
(671, 24, 26, '2019-05-24 04:32:53', '2019-05-24 04:32:53'),
(672, 20, 17, '2019-05-24 04:32:53', '2019-05-24 04:32:53'),
(673, 21, 10, '2019-05-24 04:32:53', '2019-05-24 04:32:53'),
(674, 16, 29, '2019-05-24 04:32:53', '2019-05-24 04:32:53'),
(675, 5, 8, '2019-05-24 04:32:53', '2019-05-24 04:32:53'),
(676, 24, 7, '2019-05-24 04:32:53', '2019-05-24 04:32:53'),
(677, 26, 18, '2019-05-24 04:32:53', '2019-05-24 04:32:53'),
(678, 9, 6, '2019-05-24 04:32:53', '2019-05-24 04:32:53'),
(679, 29, 4, '2019-05-24 04:32:53', '2019-05-24 04:32:53'),
(680, 23, 27, '2019-05-24 04:32:54', '2019-05-24 04:32:54'),
(681, 11, 12, '2019-05-24 04:32:54', '2019-05-24 04:32:54'),
(682, 10, 15, '2019-05-24 04:32:54', '2019-05-24 04:32:54'),
(683, 24, 8, '2019-05-24 04:32:54', '2019-05-24 04:32:54'),
(684, 7, 6, '2019-05-24 04:32:54', '2019-05-24 04:32:54'),
(685, 27, 11, '2019-05-24 04:32:54', '2019-05-24 04:32:54'),
(686, 27, 22, '2019-05-24 04:32:54', '2019-05-24 04:32:54'),
(687, 22, 7, '2019-05-24 04:32:54', '2019-05-24 04:32:54'),
(688, 4, 13, '2019-05-24 04:32:54', '2019-05-24 04:32:54'),
(689, 7, 7, '2019-05-24 04:32:54', '2019-05-24 04:32:54'),
(690, 8, 28, '2019-05-24 04:32:54', '2019-05-24 04:32:54'),
(691, 12, 8, '2019-05-24 04:32:54', '2019-05-24 04:32:54'),
(692, 2, 24, '2019-05-24 04:32:54', '2019-05-24 04:32:54'),
(693, 1, 1, '2019-05-24 04:32:54', '2019-05-24 04:32:54'),
(694, 16, 11, '2019-05-24 04:32:54', '2019-05-24 04:32:54'),
(695, 24, 27, '2019-05-24 04:32:54', '2019-05-24 04:32:54'),
(696, 31, 7, '2019-05-24 04:32:54', '2019-05-24 04:32:54'),
(697, 1, 16, '2019-05-24 04:32:54', '2019-05-24 04:32:54'),
(698, 31, 26, '2019-05-24 04:32:54', '2019-05-24 04:32:54'),
(699, 27, 20, '2019-05-24 04:32:54', '2019-05-24 04:32:54'),
(700, 20, 12, '2019-05-24 04:32:54', '2019-05-24 04:32:54'),
(701, 3, 5, '2019-05-24 04:32:54', '2019-05-24 04:32:54'),
(702, 5, 8, '2019-05-24 04:32:54', '2019-05-24 04:32:54'),
(703, 11, 8, '2019-05-24 04:32:54', '2019-05-24 04:32:54'),
(704, 6, 26, '2019-05-24 04:32:55', '2019-05-24 04:32:55'),
(705, 2, 23, '2019-05-24 04:32:55', '2019-05-24 04:32:55'),
(706, 14, 22, '2019-05-24 04:32:55', '2019-05-24 04:32:55'),
(707, 1, 8, '2019-05-24 04:32:55', '2019-05-24 04:32:55'),
(708, 14, 28, '2019-05-24 04:32:55', '2019-05-24 04:32:55'),
(709, 31, 23, '2019-05-24 04:32:55', '2019-05-24 04:32:55'),
(710, 16, 20, '2019-05-24 04:32:55', '2019-05-24 04:32:55'),
(711, 27, 24, '2019-05-24 04:32:55', '2019-05-24 04:32:55'),
(712, 16, 8, '2019-05-24 04:32:55', '2019-05-24 04:32:55'),
(713, 4, 21, '2019-05-24 04:32:55', '2019-05-24 04:32:55'),
(714, 2, 29, '2019-05-24 04:32:55', '2019-05-24 04:32:55'),
(715, 15, 19, '2019-05-24 04:32:55', '2019-05-24 04:32:55'),
(716, 4, 2, '2019-05-24 04:32:55', '2019-05-24 04:32:55'),
(717, 14, 7, '2019-05-24 04:32:55', '2019-05-24 04:32:55'),
(718, 29, 10, '2019-05-24 04:32:55', '2019-05-24 04:32:55'),
(719, 16, 29, '2019-05-24 04:32:55', '2019-05-24 04:32:55'),
(720, 6, 21, '2019-05-24 04:32:55', '2019-05-24 04:32:55'),
(721, 30, 19, '2019-05-24 04:32:55', '2019-05-24 04:32:55'),
(722, 10, 7, '2019-05-24 04:32:55', '2019-05-24 04:32:55'),
(723, 15, 11, '2019-05-24 04:32:55', '2019-05-24 04:32:55'),
(724, 29, 22, '2019-05-24 04:32:56', '2019-05-24 04:32:56'),
(725, 20, 28, '2019-05-24 04:32:56', '2019-05-24 04:32:56'),
(726, 3, 28, '2019-05-24 04:32:56', '2019-05-24 04:32:56'),
(727, 3, 18, '2019-05-24 04:32:56', '2019-05-24 04:32:56'),
(728, 9, 28, '2019-05-24 04:32:56', '2019-05-24 04:32:56'),
(729, 20, 14, '2019-05-24 04:32:56', '2019-05-24 04:32:56'),
(730, 23, 24, '2019-05-24 04:32:56', '2019-05-24 04:32:56'),
(731, 19, 10, '2019-05-24 04:32:56', '2019-05-24 04:32:56'),
(732, 26, 9, '2019-05-24 04:32:56', '2019-05-24 04:32:56'),
(733, 19, 2, '2019-05-24 04:32:56', '2019-05-24 04:32:56'),
(734, 14, 21, '2019-05-24 04:32:56', '2019-05-24 04:32:56'),
(735, 21, 7, '2019-05-24 04:32:56', '2019-05-24 04:32:56'),
(736, 11, 20, '2019-05-24 04:32:56', '2019-05-24 04:32:56'),
(737, 13, 6, '2019-05-24 04:32:56', '2019-05-24 04:32:56'),
(738, 23, 2, '2019-05-24 04:32:56', '2019-05-24 04:32:56'),
(739, 17, 15, '2019-05-24 04:32:56', '2019-05-24 04:32:56'),
(740, 24, 8, '2019-05-24 04:32:56', '2019-05-24 04:32:56'),
(741, 26, 5, '2019-05-24 04:32:56', '2019-05-24 04:32:56'),
(742, 9, 26, '2019-05-24 04:32:56', '2019-05-24 04:32:56'),
(743, 31, 13, '2019-05-24 04:32:56', '2019-05-24 04:32:56'),
(744, 27, 9, '2019-05-24 04:32:56', '2019-05-24 04:32:56'),
(745, 2, 13, '2019-05-24 04:32:56', '2019-05-24 04:32:56'),
(746, 5, 8, '2019-05-24 04:32:57', '2019-05-24 04:32:57'),
(747, 18, 3, '2019-05-24 04:32:57', '2019-05-24 04:32:57'),
(748, 2, 26, '2019-05-24 04:32:57', '2019-05-24 04:32:57'),
(749, 18, 14, '2019-05-24 04:32:57', '2019-05-24 04:32:57'),
(750, 31, 16, '2019-05-24 04:32:57', '2019-05-24 04:32:57'),
(751, 2, 18, '2019-05-24 04:32:57', '2019-05-24 04:32:57'),
(752, 11, 11, '2019-05-24 04:32:57', '2019-05-24 04:32:57'),
(753, 21, 9, '2019-05-24 04:32:57', '2019-05-24 04:32:57'),
(754, 4, 29, '2019-05-24 04:32:57', '2019-05-24 04:32:57'),
(755, 3, 19, '2019-05-24 04:32:57', '2019-05-24 04:32:57'),
(756, 4, 8, '2019-05-24 04:32:57', '2019-05-24 04:32:57'),
(757, 7, 24, '2019-05-24 04:32:57', '2019-05-24 04:32:57'),
(758, 5, 16, '2019-05-24 04:32:57', '2019-05-24 04:32:57'),
(759, 23, 2, '2019-05-24 04:32:57', '2019-05-24 04:32:57'),
(760, 23, 21, '2019-05-24 04:32:57', '2019-05-24 04:32:57'),
(761, 1, 28, '2019-05-24 04:32:57', '2019-05-24 04:32:57'),
(762, 14, 22, '2019-05-24 04:32:57', '2019-05-24 04:32:57'),
(763, 22, 14, '2019-05-24 04:32:57', '2019-05-24 04:32:57'),
(764, 24, 13, '2019-05-24 04:32:57', '2019-05-24 04:32:57'),
(765, 26, 25, '2019-05-24 04:32:57', '2019-05-24 04:32:57'),
(766, 21, 7, '2019-05-24 04:32:58', '2019-05-24 04:32:58'),
(767, 30, 19, '2019-05-24 04:32:58', '2019-05-24 04:32:58'),
(768, 25, 3, '2019-05-24 04:32:58', '2019-05-24 04:32:58'),
(769, 21, 14, '2019-05-24 04:32:58', '2019-05-24 04:32:58'),
(770, 17, 10, '2019-05-24 04:32:58', '2019-05-24 04:32:58'),
(771, 17, 9, '2019-05-24 04:32:58', '2019-05-24 04:32:58'),
(772, 5, 28, '2019-05-24 04:32:58', '2019-05-24 04:32:58'),
(773, 16, 12, '2019-05-24 04:32:58', '2019-05-24 04:32:58'),
(774, 21, 4, '2019-05-24 04:32:58', '2019-05-24 04:32:58'),
(775, 10, 13, '2019-05-24 04:32:58', '2019-05-24 04:32:58'),
(776, 12, 10, '2019-05-24 04:32:58', '2019-05-24 04:32:58'),
(777, 18, 1, '2019-05-24 04:32:58', '2019-05-24 04:32:58'),
(778, 22, 14, '2019-05-24 04:32:58', '2019-05-24 04:32:58'),
(779, 10, 14, '2019-05-24 04:32:58', '2019-05-24 04:32:58'),
(780, 28, 13, '2019-05-24 04:32:58', '2019-05-24 04:32:58'),
(781, 3, 30, '2019-05-24 04:32:59', '2019-05-24 04:32:59'),
(782, 25, 30, '2019-05-24 04:32:59', '2019-05-24 04:32:59'),
(783, 9, 27, '2019-05-24 04:32:59', '2019-05-24 04:32:59'),
(784, 1, 25, '2019-05-24 04:32:59', '2019-05-24 04:32:59'),
(785, 8, 26, '2019-05-24 04:32:59', '2019-05-24 04:32:59'),
(786, 4, 6, '2019-05-24 04:32:59', '2019-05-24 04:32:59'),
(787, 29, 18, '2019-05-24 04:32:59', '2019-05-24 04:32:59'),
(788, 30, 29, '2019-05-24 04:32:59', '2019-05-24 04:32:59'),
(789, 31, 9, '2019-05-24 04:32:59', '2019-05-24 04:32:59'),
(790, 11, 19, '2019-05-24 04:32:59', '2019-05-24 04:32:59'),
(791, 5, 12, '2019-05-24 04:32:59', '2019-05-24 04:32:59'),
(792, 18, 3, '2019-05-24 04:32:59', '2019-05-24 04:32:59'),
(793, 10, 18, '2019-05-24 04:32:59', '2019-05-24 04:32:59'),
(794, 4, 30, '2019-05-24 04:32:59', '2019-05-24 04:32:59'),
(795, 2, 1, '2019-05-24 04:32:59', '2019-05-24 04:32:59'),
(796, 5, 28, '2019-05-24 04:32:59', '2019-05-24 04:32:59'),
(797, 23, 24, '2019-05-24 04:33:00', '2019-05-24 04:33:00'),
(798, 11, 11, '2019-05-24 04:33:00', '2019-05-24 04:33:00'),
(799, 14, 4, '2019-05-24 04:33:00', '2019-05-24 04:33:00'),
(800, 24, 4, '2019-05-24 04:33:00', '2019-05-24 04:33:00'),
(801, 17, 11, '2019-05-24 04:33:00', '2019-05-24 04:33:00'),
(802, 16, 13, '2019-05-24 04:33:00', '2019-05-24 04:33:00'),
(803, 24, 17, '2019-05-24 04:33:00', '2019-05-24 04:33:00'),
(804, 28, 25, '2019-05-24 04:33:00', '2019-05-24 04:33:00'),
(805, 8, 13, '2019-05-24 04:33:00', '2019-05-24 04:33:00'),
(806, 31, 25, '2019-05-24 04:33:00', '2019-05-24 04:33:00'),
(807, 26, 27, '2019-05-24 04:33:00', '2019-05-24 04:33:00'),
(808, 22, 6, '2019-05-24 04:33:00', '2019-05-24 04:33:00'),
(809, 5, 21, '2019-05-24 04:33:00', '2019-05-24 04:33:00'),
(810, 17, 13, '2019-05-24 04:33:00', '2019-05-24 04:33:00'),
(811, 3, 30, '2019-05-24 04:33:00', '2019-05-24 04:33:00'),
(812, 19, 2, '2019-05-24 04:33:00', '2019-05-24 04:33:00'),
(813, 19, 18, '2019-05-24 04:33:01', '2019-05-24 04:33:01'),
(814, 30, 14, '2019-05-24 04:33:01', '2019-05-24 04:33:01'),
(815, 1, 3, '2019-05-24 04:33:01', '2019-05-24 04:33:01'),
(816, 23, 14, '2019-05-24 04:33:01', '2019-05-24 04:33:01'),
(817, 6, 22, '2019-05-24 04:33:01', '2019-05-24 04:33:01'),
(818, 27, 15, '2019-05-24 04:33:01', '2019-05-24 04:33:01'),
(819, 30, 21, '2019-05-24 04:33:01', '2019-05-24 04:33:01'),
(820, 8, 27, '2019-05-24 04:33:01', '2019-05-24 04:33:01'),
(821, 15, 17, '2019-05-24 04:33:01', '2019-05-24 04:33:01'),
(822, 28, 26, '2019-05-24 04:33:01', '2019-05-24 04:33:01'),
(823, 18, 8, '2019-05-24 04:33:01', '2019-05-24 04:33:01'),
(824, 14, 4, '2019-05-24 04:33:01', '2019-05-24 04:33:01'),
(825, 28, 8, '2019-05-24 04:33:01', '2019-05-24 04:33:01'),
(826, 5, 20, '2019-05-24 04:33:01', '2019-05-24 04:33:01'),
(827, 2, 8, '2019-05-24 04:33:01', '2019-05-24 04:33:01'),
(828, 28, 1, '2019-05-24 04:33:01', '2019-05-24 04:33:01'),
(829, 18, 18, '2019-05-24 04:33:01', '2019-05-24 04:33:01'),
(830, 20, 23, '2019-05-24 04:33:01', '2019-05-24 04:33:01'),
(831, 30, 5, '2019-05-24 04:33:01', '2019-05-24 04:33:01'),
(832, 6, 8, '2019-05-24 04:33:01', '2019-05-24 04:33:01'),
(833, 28, 28, '2019-05-24 04:33:01', '2019-05-24 04:33:01'),
(834, 20, 17, '2019-05-24 04:33:01', '2019-05-24 04:33:01'),
(835, 11, 22, '2019-05-24 04:33:01', '2019-05-24 04:33:01'),
(836, 20, 23, '2019-05-24 04:33:01', '2019-05-24 04:33:01'),
(837, 4, 30, '2019-05-24 04:33:01', '2019-05-24 04:33:01'),
(838, 1, 20, '2019-05-24 04:33:02', '2019-05-24 04:33:02'),
(839, 7, 20, '2019-05-24 04:33:02', '2019-05-24 04:33:02'),
(840, 16, 12, '2019-05-24 04:33:02', '2019-05-24 04:33:02'),
(841, 4, 15, '2019-05-24 04:33:02', '2019-05-24 04:33:02'),
(842, 22, 5, '2019-05-24 04:33:02', '2019-05-24 04:33:02'),
(843, 30, 30, '2019-05-24 04:33:02', '2019-05-24 04:33:02'),
(844, 18, 21, '2019-05-24 04:33:02', '2019-05-24 04:33:02'),
(845, 22, 1, '2019-05-24 04:33:02', '2019-05-24 04:33:02'),
(846, 22, 26, '2019-05-24 04:33:02', '2019-05-24 04:33:02'),
(847, 8, 28, '2019-05-24 04:33:02', '2019-05-24 04:33:02'),
(848, 8, 3, '2019-05-24 04:33:02', '2019-05-24 04:33:02'),
(849, 24, 15, '2019-05-24 04:33:02', '2019-05-24 04:33:02'),
(850, 25, 25, '2019-05-24 04:33:02', '2019-05-24 04:33:02'),
(851, 19, 7, '2019-05-24 04:33:02', '2019-05-24 04:33:02'),
(852, 4, 7, '2019-05-24 04:33:02', '2019-05-24 04:33:02'),
(853, 27, 13, '2019-05-24 04:33:02', '2019-05-24 04:33:02'),
(854, 28, 17, '2019-05-24 04:33:02', '2019-05-24 04:33:02'),
(855, 10, 24, '2019-05-24 04:33:02', '2019-05-24 04:33:02'),
(856, 11, 12, '2019-05-24 04:33:03', '2019-05-24 04:33:03');
INSERT INTO `usercomunity` (`id`, `user_id`, `comunity_id`, `created_at`, `updated_at`) VALUES
(857, 28, 6, '2019-05-24 04:33:03', '2019-05-24 04:33:03'),
(858, 19, 3, '2019-05-24 04:33:03', '2019-05-24 04:33:03'),
(859, 11, 29, '2019-05-24 04:33:03', '2019-05-24 04:33:03'),
(860, 2, 7, '2019-05-24 04:33:03', '2019-05-24 04:33:03'),
(861, 2, 23, '2019-05-24 04:33:03', '2019-05-24 04:33:03'),
(862, 21, 16, '2019-05-24 04:33:03', '2019-05-24 04:33:03'),
(863, 17, 27, '2019-05-24 04:33:03', '2019-05-24 04:33:03'),
(864, 7, 6, '2019-05-24 04:33:03', '2019-05-24 04:33:03'),
(865, 20, 17, '2019-05-24 04:33:03', '2019-05-24 04:33:03'),
(866, 13, 9, '2019-05-24 04:33:03', '2019-05-24 04:33:03'),
(867, 16, 26, '2019-05-24 04:33:03', '2019-05-24 04:33:03'),
(868, 18, 24, '2019-05-24 04:33:03', '2019-05-24 04:33:03'),
(869, 30, 3, '2019-05-24 04:33:04', '2019-05-24 04:33:04'),
(870, 19, 20, '2019-05-24 04:33:04', '2019-05-24 04:33:04'),
(871, 23, 6, '2019-05-24 04:33:04', '2019-05-24 04:33:04'),
(872, 6, 3, '2019-05-24 04:33:04', '2019-05-24 04:33:04'),
(873, 23, 21, '2019-05-24 04:33:04', '2019-05-24 04:33:04'),
(874, 16, 15, '2019-05-24 04:33:04', '2019-05-24 04:33:04'),
(875, 6, 1, '2019-05-24 04:33:04', '2019-05-24 04:33:04'),
(876, 18, 28, '2019-05-24 04:33:04', '2019-05-24 04:33:04'),
(877, 31, 8, '2019-05-24 04:33:04', '2019-05-24 04:33:04'),
(878, 28, 22, '2019-05-24 04:33:04', '2019-05-24 04:33:04'),
(879, 3, 16, '2019-05-24 04:33:04', '2019-05-24 04:33:04'),
(880, 31, 23, '2019-05-24 04:33:04', '2019-05-24 04:33:04'),
(881, 26, 29, '2019-05-24 04:33:05', '2019-05-24 04:33:05'),
(882, 3, 1, '2019-05-24 04:33:05', '2019-05-24 04:33:05'),
(883, 31, 23, '2019-05-24 04:33:05', '2019-05-24 04:33:05'),
(884, 5, 6, '2019-05-24 04:33:05', '2019-05-24 04:33:05'),
(885, 5, 29, '2019-05-24 04:33:05', '2019-05-24 04:33:05'),
(886, 29, 10, '2019-05-24 04:33:05', '2019-05-24 04:33:05'),
(887, 26, 5, '2019-05-24 04:33:05', '2019-05-24 04:33:05'),
(888, 9, 8, '2019-05-24 04:33:05', '2019-05-24 04:33:05'),
(889, 15, 23, '2019-05-24 04:33:05', '2019-05-24 04:33:05'),
(890, 4, 13, '2019-05-24 04:33:05', '2019-05-24 04:33:05'),
(891, 12, 30, '2019-05-24 04:33:05', '2019-05-24 04:33:05'),
(892, 19, 21, '2019-05-24 04:33:05', '2019-05-24 04:33:05'),
(893, 29, 29, '2019-05-24 04:33:05', '2019-05-24 04:33:05'),
(894, 14, 22, '2019-05-24 04:33:05', '2019-05-24 04:33:05'),
(895, 4, 28, '2019-05-24 04:33:05', '2019-05-24 04:33:05'),
(896, 4, 15, '2019-05-24 04:33:05', '2019-05-24 04:33:05'),
(897, 4, 27, '2019-05-24 04:33:05', '2019-05-24 04:33:05'),
(898, 23, 24, '2019-05-24 04:33:06', '2019-05-24 04:33:06'),
(899, 19, 18, '2019-05-24 04:33:06', '2019-05-24 04:33:06'),
(900, 2, 14, '2019-05-24 04:33:06', '2019-05-24 04:33:06'),
(901, 20, 3, '2019-05-24 04:33:06', '2019-05-24 04:33:06'),
(902, 22, 5, '2019-05-24 04:33:06', '2019-05-24 04:33:06'),
(903, 19, 24, '2019-05-24 04:33:06', '2019-05-24 04:33:06'),
(904, 1, 29, '2019-05-24 04:33:06', '2019-05-24 04:33:06'),
(905, 22, 3, '2019-05-24 04:33:06', '2019-05-24 04:33:06'),
(906, 11, 10, '2019-05-24 04:33:06', '2019-05-24 04:33:06'),
(907, 9, 29, '2019-05-24 04:33:06', '2019-05-24 04:33:06'),
(908, 29, 28, '2019-05-24 04:33:06', '2019-05-24 04:33:06'),
(909, 24, 12, '2019-05-24 04:33:06', '2019-05-24 04:33:06'),
(910, 9, 8, '2019-05-24 04:33:06', '2019-05-24 04:33:06'),
(911, 15, 9, '2019-05-24 04:33:07', '2019-05-24 04:33:07'),
(912, 18, 19, '2019-05-24 04:33:07', '2019-05-24 04:33:07'),
(913, 28, 10, '2019-05-24 04:33:07', '2019-05-24 04:33:07'),
(914, 23, 28, '2019-05-24 04:33:07', '2019-05-24 04:33:07'),
(915, 4, 3, '2019-05-24 04:33:07', '2019-05-24 04:33:07'),
(916, 11, 5, '2019-05-24 04:33:07', '2019-05-24 04:33:07'),
(917, 8, 28, '2019-05-24 04:33:07', '2019-05-24 04:33:07'),
(918, 20, 16, '2019-05-24 04:33:07', '2019-05-24 04:33:07'),
(919, 1, 24, '2019-05-24 04:33:07', '2019-05-24 04:33:07'),
(920, 10, 30, '2019-05-24 04:33:07', '2019-05-24 04:33:07'),
(921, 16, 3, '2019-05-24 04:33:07', '2019-05-24 04:33:07'),
(922, 5, 7, '2019-05-24 04:33:07', '2019-05-24 04:33:07'),
(923, 20, 16, '2019-05-24 04:33:07', '2019-05-24 04:33:07'),
(924, 31, 18, '2019-05-24 04:33:07', '2019-05-24 04:33:07'),
(925, 14, 17, '2019-05-24 04:33:08', '2019-05-24 04:33:08'),
(926, 6, 18, '2019-05-24 04:33:08', '2019-05-24 04:33:08'),
(927, 27, 6, '2019-05-24 04:33:08', '2019-05-24 04:33:08'),
(928, 30, 10, '2019-05-24 04:33:08', '2019-05-24 04:33:08'),
(929, 28, 2, '2019-05-24 04:33:08', '2019-05-24 04:33:08'),
(930, 24, 7, '2019-05-24 04:33:08', '2019-05-24 04:33:08'),
(931, 28, 13, '2019-05-24 04:33:08', '2019-05-24 04:33:08'),
(932, 20, 29, '2019-05-24 04:33:08', '2019-05-24 04:33:08'),
(933, 11, 2, '2019-05-24 04:33:08', '2019-05-24 04:33:08'),
(934, 15, 16, '2019-05-24 04:33:08', '2019-05-24 04:33:08'),
(935, 17, 7, '2019-05-24 04:33:08', '2019-05-24 04:33:08'),
(936, 7, 14, '2019-05-24 04:33:08', '2019-05-24 04:33:08'),
(937, 27, 22, '2019-05-24 04:33:08', '2019-05-24 04:33:08'),
(938, 16, 16, '2019-05-24 04:33:09', '2019-05-24 04:33:09'),
(939, 29, 3, '2019-05-24 04:33:09', '2019-05-24 04:33:09'),
(940, 5, 25, '2019-05-24 04:33:09', '2019-05-24 04:33:09'),
(941, 29, 5, '2019-05-24 04:33:09', '2019-05-24 04:33:09'),
(942, 7, 22, '2019-05-24 04:33:09', '2019-05-24 04:33:09'),
(943, 6, 11, '2019-05-24 04:33:09', '2019-05-24 04:33:09'),
(944, 26, 15, '2019-05-24 04:33:09', '2019-05-24 04:33:09'),
(945, 31, 10, '2019-05-24 04:33:09', '2019-05-24 04:33:09'),
(946, 26, 8, '2019-05-24 04:33:09', '2019-05-24 04:33:09'),
(947, 1, 2, '2019-05-24 04:33:09', '2019-05-24 04:33:09'),
(948, 30, 23, '2019-05-24 04:33:09', '2019-05-24 04:33:09'),
(949, 25, 2, '2019-05-24 04:33:09', '2019-05-24 04:33:09'),
(950, 31, 19, '2019-05-24 04:33:09', '2019-05-24 04:33:09'),
(951, 22, 26, '2019-05-24 04:33:09', '2019-05-24 04:33:09'),
(952, 9, 16, '2019-05-24 04:33:10', '2019-05-24 04:33:10'),
(953, 28, 8, '2019-05-24 04:33:10', '2019-05-24 04:33:10'),
(954, 3, 6, '2019-05-24 04:33:10', '2019-05-24 04:33:10'),
(955, 1, 24, '2019-05-24 04:33:10', '2019-05-24 04:33:10'),
(956, 26, 8, '2019-05-24 04:33:10', '2019-05-24 04:33:10'),
(957, 16, 20, '2019-05-24 04:33:10', '2019-05-24 04:33:10'),
(958, 1, 18, '2019-05-24 04:33:10', '2019-05-24 04:33:10'),
(959, 13, 25, '2019-05-24 04:33:10', '2019-05-24 04:33:10'),
(960, 24, 23, '2019-05-24 04:33:10', '2019-05-24 04:33:10'),
(961, 26, 3, '2019-05-24 04:33:10', '2019-05-24 04:33:10'),
(962, 23, 24, '2019-05-24 04:33:11', '2019-05-24 04:33:11'),
(963, 11, 29, '2019-05-24 04:33:11', '2019-05-24 04:33:11'),
(964, 30, 12, '2019-05-24 04:33:11', '2019-05-24 04:33:11'),
(965, 7, 13, '2019-05-24 04:33:11', '2019-05-24 04:33:11'),
(966, 25, 30, '2019-05-24 04:33:11', '2019-05-24 04:33:11'),
(967, 16, 7, '2019-05-24 04:33:11', '2019-05-24 04:33:11'),
(968, 31, 9, '2019-05-24 04:33:11', '2019-05-24 04:33:11'),
(969, 31, 14, '2019-05-24 04:33:11', '2019-05-24 04:33:11'),
(970, 30, 8, '2019-05-24 04:33:11', '2019-05-24 04:33:11'),
(971, 9, 18, '2019-05-24 04:33:11', '2019-05-24 04:33:11'),
(972, 3, 8, '2019-05-24 04:33:11', '2019-05-24 04:33:11'),
(973, 30, 21, '2019-05-24 04:33:12', '2019-05-24 04:33:12'),
(974, 9, 30, '2019-05-24 04:33:12', '2019-05-24 04:33:12'),
(975, 29, 19, '2019-05-24 04:33:12', '2019-05-24 04:33:12'),
(976, 15, 10, '2019-05-24 04:33:12', '2019-05-24 04:33:12'),
(977, 13, 20, '2019-05-24 04:33:12', '2019-05-24 04:33:12'),
(978, 25, 19, '2019-05-24 04:33:12', '2019-05-24 04:33:12'),
(979, 14, 8, '2019-05-24 04:33:12', '2019-05-24 04:33:12'),
(980, 9, 16, '2019-05-24 04:33:12', '2019-05-24 04:33:12'),
(981, 1, 4, '2019-05-24 04:33:12', '2019-05-24 04:33:12'),
(982, 15, 18, '2019-05-24 04:33:12', '2019-05-24 04:33:12'),
(983, 7, 19, '2019-05-24 04:33:12', '2019-05-24 04:33:12'),
(984, 28, 19, '2019-05-24 04:33:13', '2019-05-24 04:33:13'),
(985, 14, 13, '2019-05-24 04:33:13', '2019-05-24 04:33:13'),
(986, 7, 29, '2019-05-24 04:33:13', '2019-05-24 04:33:13'),
(987, 10, 9, '2019-05-24 04:33:13', '2019-05-24 04:33:13'),
(988, 19, 20, '2019-05-24 04:33:13', '2019-05-24 04:33:13'),
(989, 23, 4, '2019-05-24 04:33:13', '2019-05-24 04:33:13'),
(990, 9, 6, '2019-05-24 04:33:13', '2019-05-24 04:33:13'),
(991, 23, 27, '2019-05-24 04:33:13', '2019-05-24 04:33:13'),
(992, 25, 21, '2019-05-24 04:33:14', '2019-05-24 04:33:14'),
(993, 30, 14, '2019-05-24 04:33:14', '2019-05-24 04:33:14'),
(994, 11, 10, '2019-05-24 04:33:14', '2019-05-24 04:33:14'),
(995, 23, 11, '2019-05-24 04:33:14', '2019-05-24 04:33:14'),
(996, 5, 29, '2019-05-24 04:33:14', '2019-05-24 04:33:14'),
(997, 27, 29, '2019-05-24 04:33:14', '2019-05-24 04:33:14'),
(998, 31, 9, '2019-05-24 04:33:14', '2019-05-24 04:33:14'),
(999, 27, 13, '2019-05-24 04:33:15', '2019-05-24 04:33:15'),
(1000, 29, 15, '2019-05-24 04:33:15', '2019-05-24 04:33:15'),
(1001, 12, 27, '2019-05-24 04:33:15', '2019-05-24 04:33:15'),
(1002, 12, 16, '2019-05-24 04:33:15', '2019-05-24 04:33:15'),
(1003, 26, 18, '2019-05-24 04:33:15', '2019-05-24 04:33:15'),
(1004, 28, 1, '2019-05-24 04:33:15', '2019-05-24 04:33:15'),
(1005, 1, 26, '2019-05-24 04:33:15', '2019-05-24 04:33:15'),
(1006, 13, 14, '2019-05-24 04:33:15', '2019-05-24 04:33:15'),
(1007, 18, 18, '2019-05-24 04:33:15', '2019-05-24 04:33:15'),
(1008, 1, 27, '2019-05-24 04:33:15', '2019-05-24 04:33:15'),
(1009, 7, 8, '2019-05-24 04:33:15', '2019-05-24 04:33:15'),
(1010, 19, 20, '2019-05-24 04:33:16', '2019-05-24 04:33:16'),
(1011, 11, 5, '2019-05-24 04:33:16', '2019-05-24 04:33:16'),
(1012, 24, 1, '2019-05-24 04:33:16', '2019-05-24 04:33:16'),
(1013, 15, 29, '2019-05-24 04:33:16', '2019-05-24 04:33:16'),
(1014, 8, 8, '2019-05-24 04:33:16', '2019-05-24 04:33:16'),
(1015, 28, 7, '2019-05-24 04:33:16', '2019-05-24 04:33:16'),
(1016, 11, 9, '2019-05-24 04:33:16', '2019-05-24 04:33:16'),
(1017, 24, 13, '2019-05-24 04:33:16', '2019-05-24 04:33:16'),
(1018, 21, 26, '2019-05-24 04:33:16', '2019-05-24 04:33:16'),
(1019, 24, 5, '2019-05-24 04:33:17', '2019-05-24 04:33:17'),
(1020, 25, 18, '2019-05-24 04:33:17', '2019-05-24 04:33:17'),
(1021, 23, 2, '2019-05-24 04:33:17', '2019-05-24 04:33:17'),
(1022, 28, 2, '2019-05-24 04:33:17', '2019-05-24 04:33:17'),
(1023, 5, 13, '2019-05-24 04:33:17', '2019-05-24 04:33:17'),
(1024, 9, 4, '2019-05-24 04:33:17', '2019-05-24 04:33:17'),
(1025, 16, 20, '2019-05-24 04:33:17', '2019-05-24 04:33:17'),
(1026, 2, 11, '2019-05-24 04:33:17', '2019-05-24 04:33:17'),
(1027, 12, 30, '2019-05-24 04:33:18', '2019-05-24 04:33:18'),
(1028, 10, 14, '2019-05-24 04:33:18', '2019-05-24 04:33:18'),
(1029, 1, 23, '2019-05-24 04:33:18', '2019-05-24 04:33:18'),
(1030, 12, 26, '2019-05-24 04:33:18', '2019-05-24 04:33:18'),
(1031, 26, 14, '2019-05-24 04:33:18', '2019-05-24 04:33:18'),
(1032, 2, 14, '2019-05-24 04:33:18', '2019-05-24 04:33:18'),
(1033, 11, 6, '2019-05-24 04:33:18', '2019-05-24 04:33:18'),
(1034, 26, 11, '2019-05-24 04:33:18', '2019-05-24 04:33:18'),
(1035, 16, 13, '2019-05-24 04:33:18', '2019-05-24 04:33:18'),
(1036, 12, 17, '2019-05-24 04:33:18', '2019-05-24 04:33:18'),
(1037, 26, 26, '2019-05-24 04:33:18', '2019-05-24 04:33:18'),
(1038, 2, 29, '2019-05-24 04:33:18', '2019-05-24 04:33:18'),
(1039, 11, 20, '2019-05-24 04:33:18', '2019-05-24 04:33:18'),
(1040, 28, 20, '2019-05-24 04:33:19', '2019-05-24 04:33:19'),
(1041, 22, 4, '2019-05-24 04:33:19', '2019-05-24 04:33:19'),
(1042, 26, 12, '2019-05-24 04:33:19', '2019-05-24 04:33:19'),
(1043, 3, 5, '2019-05-24 04:33:19', '2019-05-24 04:33:19'),
(1044, 4, 3, '2019-05-24 04:33:19', '2019-05-24 04:33:19'),
(1045, 5, 18, '2019-05-24 04:33:19', '2019-05-24 04:33:19'),
(1046, 4, 5, '2019-05-24 04:33:19', '2019-05-24 04:33:19'),
(1047, 21, 22, '2019-05-24 04:33:19', '2019-05-24 04:33:19'),
(1048, 13, 25, '2019-05-24 04:33:19', '2019-05-24 04:33:19'),
(1049, 10, 2, '2019-05-24 04:33:19', '2019-05-24 04:33:19'),
(1050, 28, 1, '2019-05-24 04:33:19', '2019-05-24 04:33:19'),
(1051, 25, 18, '2019-05-24 04:33:19', '2019-05-24 04:33:19'),
(1052, 29, 7, '2019-05-24 04:33:19', '2019-05-24 04:33:19'),
(1053, 9, 30, '2019-05-24 04:33:19', '2019-05-24 04:33:19'),
(1054, 16, 17, '2019-05-24 04:33:19', '2019-05-24 04:33:19'),
(1055, 4, 30, '2019-05-24 04:33:20', '2019-05-24 04:33:20'),
(1056, 19, 28, '2019-05-24 04:33:20', '2019-05-24 04:33:20'),
(1057, 29, 30, '2019-05-24 04:33:20', '2019-05-24 04:33:20'),
(1058, 13, 23, '2019-05-24 04:33:20', '2019-05-24 04:33:20'),
(1059, 21, 25, '2019-05-24 04:33:20', '2019-05-24 04:33:20'),
(1060, 28, 8, '2019-05-24 04:33:20', '2019-05-24 04:33:20'),
(1061, 12, 2, '2019-05-24 04:33:20', '2019-05-24 04:33:20'),
(1062, 9, 19, '2019-05-24 04:33:20', '2019-05-24 04:33:20'),
(1063, 24, 15, '2019-05-24 04:33:20', '2019-05-24 04:33:20'),
(1064, 13, 21, '2019-05-24 04:33:20', '2019-05-24 04:33:20'),
(1065, 13, 18, '2019-05-24 04:33:20', '2019-05-24 04:33:20'),
(1066, 11, 2, '2019-05-24 04:33:20', '2019-05-24 04:33:20'),
(1067, 2, 30, '2019-05-24 04:33:20', '2019-05-24 04:33:20'),
(1068, 2, 10, '2019-05-24 04:33:20', '2019-05-24 04:33:20'),
(1069, 17, 26, '2019-05-24 04:33:20', '2019-05-24 04:33:20'),
(1070, 26, 27, '2019-05-24 04:33:20', '2019-05-24 04:33:20'),
(1071, 4, 26, '2019-05-24 04:33:21', '2019-05-24 04:33:21'),
(1072, 4, 1, '2019-05-24 04:33:21', '2019-05-24 04:33:21'),
(1073, 25, 27, '2019-05-24 04:33:21', '2019-05-24 04:33:21'),
(1074, 2, 2, '2019-05-24 04:33:21', '2019-05-24 04:33:21'),
(1075, 3, 25, '2019-05-24 04:33:21', '2019-05-24 04:33:21'),
(1076, 31, 28, '2019-05-24 04:33:21', '2019-05-24 04:33:21'),
(1077, 7, 3, '2019-05-24 04:33:21', '2019-05-24 04:33:21'),
(1078, 1, 13, '2019-05-24 04:33:21', '2019-05-24 04:33:21'),
(1079, 1, 30, '2019-05-24 04:33:21', '2019-05-24 04:33:21'),
(1080, 4, 15, '2019-05-24 04:33:21', '2019-05-24 04:33:21'),
(1081, 11, 15, '2019-05-24 04:33:21', '2019-05-24 04:33:21'),
(1082, 7, 22, '2019-05-24 04:33:21', '2019-05-24 04:33:21'),
(1083, 29, 4, '2019-05-24 04:33:21', '2019-05-24 04:33:21'),
(1084, 29, 25, '2019-05-24 04:33:21', '2019-05-24 04:33:21'),
(1085, 3, 19, '2019-05-24 04:33:21', '2019-05-24 04:33:21'),
(1086, 14, 29, '2019-05-24 04:33:21', '2019-05-24 04:33:21'),
(1087, 11, 17, '2019-05-24 04:33:22', '2019-05-24 04:33:22'),
(1088, 30, 12, '2019-05-24 04:33:22', '2019-05-24 04:33:22'),
(1089, 8, 28, '2019-05-24 04:33:22', '2019-05-24 04:33:22'),
(1090, 21, 29, '2019-05-24 04:33:22', '2019-05-24 04:33:22'),
(1091, 26, 12, '2019-05-24 04:33:22', '2019-05-24 04:33:22'),
(1092, 29, 29, '2019-05-24 04:33:22', '2019-05-24 04:33:22'),
(1093, 31, 18, '2019-05-24 04:33:22', '2019-05-24 04:33:22'),
(1094, 25, 10, '2019-05-24 04:33:22', '2019-05-24 04:33:22'),
(1095, 18, 19, '2019-05-24 04:33:22', '2019-05-24 04:33:22'),
(1096, 20, 1, '2019-05-24 04:33:22', '2019-05-24 04:33:22'),
(1097, 17, 30, '2019-05-24 04:33:22', '2019-05-24 04:33:22'),
(1098, 17, 25, '2019-05-24 04:33:22', '2019-05-24 04:33:22'),
(1099, 18, 27, '2019-05-24 04:33:22', '2019-05-24 04:33:22'),
(1100, 5, 14, '2019-05-24 04:33:22', '2019-05-24 04:33:22'),
(1101, 8, 14, '2019-05-24 04:33:22', '2019-05-24 04:33:22'),
(1102, 24, 25, '2019-05-24 04:33:23', '2019-05-24 04:33:23'),
(1103, 19, 12, '2019-05-24 04:33:23', '2019-05-24 04:33:23'),
(1104, 27, 18, '2019-05-24 04:33:23', '2019-05-24 04:33:23'),
(1105, 19, 23, '2019-05-24 04:33:23', '2019-05-24 04:33:23'),
(1106, 19, 8, '2019-05-24 04:33:23', '2019-05-24 04:33:23'),
(1107, 25, 16, '2019-05-24 04:33:23', '2019-05-24 04:33:23'),
(1108, 2, 26, '2019-05-24 04:33:23', '2019-05-24 04:33:23'),
(1109, 16, 2, '2019-05-24 04:33:23', '2019-05-24 04:33:23'),
(1110, 15, 10, '2019-05-24 04:33:23', '2019-05-24 04:33:23'),
(1111, 3, 1, '2019-05-24 04:33:23', '2019-05-24 04:33:23'),
(1112, 31, 1, '2019-05-24 04:33:23', '2019-05-24 04:33:23'),
(1113, 5, 30, '2019-05-24 04:33:23', '2019-05-24 04:33:23'),
(1114, 3, 30, '2019-05-24 04:33:23', '2019-05-24 04:33:23'),
(1115, 4, 20, '2019-05-24 04:33:23', '2019-05-24 04:33:23'),
(1116, 29, 1, '2019-05-24 04:33:23', '2019-05-24 04:33:23'),
(1117, 6, 13, '2019-05-24 04:33:23', '2019-05-24 04:33:23'),
(1118, 26, 5, '2019-05-24 04:33:23', '2019-05-24 04:33:23'),
(1119, 10, 29, '2019-05-24 04:33:23', '2019-05-24 04:33:23'),
(1120, 25, 20, '2019-05-24 04:33:24', '2019-05-24 04:33:24'),
(1121, 24, 14, '2019-05-24 04:33:24', '2019-05-24 04:33:24'),
(1122, 5, 8, '2019-05-24 04:33:24', '2019-05-24 04:33:24'),
(1123, 22, 9, '2019-05-24 04:33:24', '2019-05-24 04:33:24'),
(1124, 26, 20, '2019-05-24 04:33:24', '2019-05-24 04:33:24'),
(1125, 29, 27, '2019-05-24 04:33:24', '2019-05-24 04:33:24'),
(1126, 27, 30, '2019-05-24 04:33:24', '2019-05-24 04:33:24'),
(1127, 29, 7, '2019-05-24 04:33:24', '2019-05-24 04:33:24'),
(1128, 22, 9, '2019-05-24 04:33:24', '2019-05-24 04:33:24'),
(1129, 9, 16, '2019-05-24 04:33:24', '2019-05-24 04:33:24'),
(1130, 4, 16, '2019-05-24 04:33:24', '2019-05-24 04:33:24'),
(1131, 1, 17, '2019-05-24 04:33:24', '2019-05-24 04:33:24'),
(1132, 16, 11, '2019-05-24 04:33:24', '2019-05-24 04:33:24'),
(1133, 23, 2, '2019-05-24 04:33:24', '2019-05-24 04:33:24'),
(1134, 13, 10, '2019-05-24 04:33:24', '2019-05-24 04:33:24'),
(1135, 26, 13, '2019-05-24 04:33:25', '2019-05-24 04:33:25'),
(1136, 3, 19, '2019-05-24 04:33:25', '2019-05-24 04:33:25'),
(1137, 20, 30, '2019-05-24 04:33:25', '2019-05-24 04:33:25'),
(1138, 1, 13, '2019-05-24 04:33:25', '2019-05-24 04:33:25'),
(1139, 4, 10, '2019-05-24 04:33:25', '2019-05-24 04:33:25'),
(1140, 21, 30, '2019-05-24 04:33:25', '2019-05-24 04:33:25'),
(1141, 13, 23, '2019-05-24 04:33:25', '2019-05-24 04:33:25'),
(1142, 30, 21, '2019-05-24 04:33:25', '2019-05-24 04:33:25'),
(1143, 6, 4, '2019-05-24 04:33:25', '2019-05-24 04:33:25'),
(1144, 14, 9, '2019-05-24 04:33:25', '2019-05-24 04:33:25'),
(1145, 29, 22, '2019-05-24 04:33:25', '2019-05-24 04:33:25'),
(1146, 29, 7, '2019-05-24 04:33:25', '2019-05-24 04:33:25'),
(1147, 1, 17, '2019-05-24 04:33:25', '2019-05-24 04:33:25'),
(1148, 11, 22, '2019-05-24 04:33:25', '2019-05-24 04:33:25'),
(1149, 27, 11, '2019-05-24 04:33:25', '2019-05-24 04:33:25'),
(1150, 2, 12, '2019-05-24 04:33:25', '2019-05-24 04:33:25'),
(1151, 4, 17, '2019-05-24 04:33:25', '2019-05-24 04:33:25'),
(1152, 16, 22, '2019-05-24 04:33:26', '2019-05-24 04:33:26'),
(1153, 25, 27, '2019-05-24 04:33:26', '2019-05-24 04:33:26'),
(1154, 23, 25, '2019-05-24 04:33:26', '2019-05-24 04:33:26'),
(1155, 10, 3, '2019-05-24 04:33:26', '2019-05-24 04:33:26'),
(1156, 7, 8, '2019-05-24 04:33:26', '2019-05-24 04:33:26'),
(1157, 27, 25, '2019-05-24 04:33:26', '2019-05-24 04:33:26'),
(1158, 21, 16, '2019-05-24 04:33:26', '2019-05-24 04:33:26'),
(1159, 3, 18, '2019-05-24 04:33:26', '2019-05-24 04:33:26'),
(1160, 26, 1, '2019-05-24 04:33:26', '2019-05-24 04:33:26'),
(1161, 5, 19, '2019-05-24 04:33:26', '2019-05-24 04:33:26'),
(1162, 12, 22, '2019-05-24 04:33:26', '2019-05-24 04:33:26'),
(1163, 28, 22, '2019-05-24 04:33:26', '2019-05-24 04:33:26'),
(1164, 23, 26, '2019-05-24 04:33:26', '2019-05-24 04:33:26'),
(1165, 21, 8, '2019-05-24 04:33:26', '2019-05-24 04:33:26'),
(1166, 15, 18, '2019-05-24 04:33:26', '2019-05-24 04:33:26'),
(1167, 15, 9, '2019-05-24 04:33:26', '2019-05-24 04:33:26'),
(1168, 26, 26, '2019-05-24 04:33:27', '2019-05-24 04:33:27'),
(1169, 1, 5, '2019-05-24 04:33:27', '2019-05-24 04:33:27'),
(1170, 10, 10, '2019-05-24 04:33:27', '2019-05-24 04:33:27'),
(1171, 2, 7, '2019-05-24 04:33:27', '2019-05-24 04:33:27'),
(1172, 10, 11, '2019-05-24 04:33:27', '2019-05-24 04:33:27'),
(1173, 8, 9, '2019-05-24 04:33:27', '2019-05-24 04:33:27'),
(1174, 28, 29, '2019-05-24 04:33:27', '2019-05-24 04:33:27'),
(1175, 17, 14, '2019-05-24 04:33:27', '2019-05-24 04:33:27'),
(1176, 27, 3, '2019-05-24 04:33:27', '2019-05-24 04:33:27'),
(1177, 31, 19, '2019-05-24 04:33:27', '2019-05-24 04:33:27'),
(1178, 20, 7, '2019-05-24 04:33:27', '2019-05-24 04:33:27'),
(1179, 15, 6, '2019-05-24 04:33:27', '2019-05-24 04:33:27'),
(1180, 31, 21, '2019-05-24 04:33:28', '2019-05-24 04:33:28'),
(1181, 16, 13, '2019-05-24 04:33:28', '2019-05-24 04:33:28'),
(1182, 10, 28, '2019-05-24 04:33:28', '2019-05-24 04:33:28'),
(1183, 1, 9, '2019-05-24 04:33:28', '2019-05-24 04:33:28'),
(1184, 8, 28, '2019-05-24 04:33:28', '2019-05-24 04:33:28'),
(1185, 4, 8, '2019-05-24 04:33:28', '2019-05-24 04:33:28'),
(1186, 25, 7, '2019-05-24 04:33:28', '2019-05-24 04:33:28'),
(1187, 2, 20, '2019-05-24 04:33:28', '2019-05-24 04:33:28'),
(1188, 21, 14, '2019-05-24 04:33:28', '2019-05-24 04:33:28'),
(1189, 8, 19, '2019-05-24 04:33:28', '2019-05-24 04:33:28'),
(1190, 2, 15, '2019-05-24 04:33:28', '2019-05-24 04:33:28'),
(1191, 23, 12, '2019-05-24 04:33:28', '2019-05-24 04:33:28'),
(1192, 17, 13, '2019-05-24 04:33:29', '2019-05-24 04:33:29'),
(1193, 15, 30, '2019-05-24 04:33:29', '2019-05-24 04:33:29'),
(1194, 4, 17, '2019-05-24 04:33:29', '2019-05-24 04:33:29'),
(1195, 28, 12, '2019-05-24 04:33:29', '2019-05-24 04:33:29'),
(1196, 7, 27, '2019-05-24 04:33:29', '2019-05-24 04:33:29'),
(1197, 29, 1, '2019-05-24 04:33:29', '2019-05-24 04:33:29'),
(1198, 25, 3, '2019-05-24 04:33:29', '2019-05-24 04:33:29'),
(1199, 14, 3, '2019-05-24 04:33:29', '2019-05-24 04:33:29'),
(1200, 17, 26, '2019-05-24 04:33:29', '2019-05-24 04:33:29'),
(1201, 18, 8, '2019-05-24 04:33:29', '2019-05-24 04:33:29'),
(1202, 8, 7, '2019-05-24 04:33:29', '2019-05-24 04:33:29'),
(1203, 9, 26, '2019-05-24 04:33:29', '2019-05-24 04:33:29'),
(1204, 23, 16, '2019-05-24 04:33:29', '2019-05-24 04:33:29'),
(1205, 24, 16, '2019-05-24 04:33:29', '2019-05-24 04:33:29'),
(1206, 16, 6, '2019-05-24 04:33:29', '2019-05-24 04:33:29'),
(1207, 11, 25, '2019-05-24 04:33:29', '2019-05-24 04:33:29'),
(1208, 4, 22, '2019-05-24 04:33:29', '2019-05-24 04:33:29'),
(1209, 21, 14, '2019-05-24 04:33:29', '2019-05-24 04:33:29'),
(1210, 16, 30, '2019-05-24 04:33:29', '2019-05-24 04:33:29'),
(1211, 20, 5, '2019-05-24 04:33:29', '2019-05-24 04:33:29'),
(1212, 14, 5, '2019-05-24 04:33:30', '2019-05-24 04:33:30'),
(1213, 30, 10, '2019-05-24 04:33:30', '2019-05-24 04:33:30'),
(1214, 29, 18, '2019-05-24 04:33:30', '2019-05-24 04:33:30'),
(1215, 13, 16, '2019-05-24 04:33:30', '2019-05-24 04:33:30'),
(1216, 15, 22, '2019-05-24 04:33:30', '2019-05-24 04:33:30'),
(1217, 3, 16, '2019-05-24 04:33:30', '2019-05-24 04:33:30'),
(1218, 15, 7, '2019-05-24 04:33:30', '2019-05-24 04:33:30'),
(1219, 9, 16, '2019-05-24 04:33:30', '2019-05-24 04:33:30'),
(1220, 6, 4, '2019-05-24 04:33:30', '2019-05-24 04:33:30'),
(1221, 29, 6, '2019-05-24 04:33:30', '2019-05-24 04:33:30'),
(1222, 11, 3, '2019-05-24 04:33:30', '2019-05-24 04:33:30'),
(1223, 9, 2, '2019-05-24 04:33:30', '2019-05-24 04:33:30'),
(1224, 25, 18, '2019-05-24 04:33:30', '2019-05-24 04:33:30'),
(1225, 4, 19, '2019-05-24 04:33:30', '2019-05-24 04:33:30'),
(1226, 24, 6, '2019-05-24 04:33:30', '2019-05-24 04:33:30'),
(1227, 30, 23, '2019-05-24 04:33:30', '2019-05-24 04:33:30'),
(1228, 8, 22, '2019-05-24 04:33:30', '2019-05-24 04:33:30'),
(1229, 19, 24, '2019-05-24 04:33:31', '2019-05-24 04:33:31'),
(1230, 31, 2, '2019-05-24 04:33:31', '2019-05-24 04:33:31'),
(1231, 17, 27, '2019-05-24 04:33:31', '2019-05-24 04:33:31'),
(1232, 24, 12, '2019-05-24 04:33:31', '2019-05-24 04:33:31'),
(1233, 16, 28, '2019-05-24 04:33:31', '2019-05-24 04:33:31'),
(1234, 27, 21, '2019-05-24 04:33:31', '2019-05-24 04:33:31'),
(1235, 13, 8, '2019-05-24 04:33:31', '2019-05-24 04:33:31'),
(1236, 6, 10, '2019-05-24 04:33:31', '2019-05-24 04:33:31'),
(1237, 14, 9, '2019-05-24 04:33:31', '2019-05-24 04:33:31'),
(1238, 3, 1, '2019-05-24 04:33:31', '2019-05-24 04:33:31'),
(1239, 26, 20, '2019-05-24 04:33:31', '2019-05-24 04:33:31'),
(1240, 23, 17, '2019-05-24 04:33:31', '2019-05-24 04:33:31'),
(1241, 19, 3, '2019-05-24 04:33:31', '2019-05-24 04:33:31'),
(1242, 23, 15, '2019-05-24 04:33:31', '2019-05-24 04:33:31'),
(1243, 18, 1, '2019-05-24 04:33:31', '2019-05-24 04:33:31'),
(1244, 25, 27, '2019-05-24 04:33:31', '2019-05-24 04:33:31'),
(1245, 26, 5, '2019-05-24 04:33:31', '2019-05-24 04:33:31'),
(1246, 13, 10, '2019-05-24 04:33:31', '2019-05-24 04:33:31'),
(1247, 10, 27, '2019-05-24 04:33:32', '2019-05-24 04:33:32'),
(1248, 25, 11, '2019-05-24 04:33:32', '2019-05-24 04:33:32'),
(1249, 1, 30, '2019-05-24 04:33:32', '2019-05-24 04:33:32'),
(1250, 21, 12, '2019-05-24 04:33:32', '2019-05-24 04:33:32'),
(1251, 6, 27, '2019-05-24 04:33:32', '2019-05-24 04:33:32'),
(1252, 14, 25, '2019-05-24 04:33:32', '2019-05-24 04:33:32'),
(1253, 19, 24, '2019-05-24 04:33:32', '2019-05-24 04:33:32'),
(1254, 26, 10, '2019-05-24 04:33:32', '2019-05-24 04:33:32'),
(1255, 26, 7, '2019-05-24 04:33:32', '2019-05-24 04:33:32'),
(1256, 19, 15, '2019-05-24 04:33:32', '2019-05-24 04:33:32'),
(1257, 19, 3, '2019-05-24 04:33:32', '2019-05-24 04:33:32'),
(1258, 10, 6, '2019-05-24 04:33:32', '2019-05-24 04:33:32'),
(1259, 10, 13, '2019-05-24 04:33:32', '2019-05-24 04:33:32'),
(1260, 6, 23, '2019-05-24 04:33:32', '2019-05-24 04:33:32'),
(1261, 12, 18, '2019-05-24 04:33:32', '2019-05-24 04:33:32'),
(1262, 14, 15, '2019-05-24 04:33:32', '2019-05-24 04:33:32'),
(1263, 17, 21, '2019-05-24 04:33:32', '2019-05-24 04:33:32'),
(1264, 19, 12, '2019-05-24 04:33:32', '2019-05-24 04:33:32'),
(1265, 25, 16, '2019-05-24 04:33:33', '2019-05-24 04:33:33'),
(1266, 31, 15, '2019-05-24 04:33:33', '2019-05-24 04:33:33'),
(1267, 17, 10, '2019-05-24 04:33:33', '2019-05-24 04:33:33'),
(1268, 8, 2, '2019-05-24 04:33:33', '2019-05-24 04:33:33'),
(1269, 13, 28, '2019-05-24 04:33:33', '2019-05-24 04:33:33'),
(1270, 3, 23, '2019-05-24 04:33:33', '2019-05-24 04:33:33'),
(1271, 23, 11, '2019-05-24 04:33:33', '2019-05-24 04:33:33'),
(1272, 29, 24, '2019-05-24 04:33:33', '2019-05-24 04:33:33'),
(1273, 24, 17, '2019-05-24 04:33:33', '2019-05-24 04:33:33'),
(1274, 10, 26, '2019-05-24 04:33:33', '2019-05-24 04:33:33'),
(1275, 6, 18, '2019-05-24 04:33:33', '2019-05-24 04:33:33'),
(1276, 24, 15, '2019-05-24 04:33:33', '2019-05-24 04:33:33'),
(1277, 9, 7, '2019-05-24 04:33:33', '2019-05-24 04:33:33'),
(1278, 6, 15, '2019-05-24 04:33:33', '2019-05-24 04:33:33'),
(1279, 11, 20, '2019-05-24 04:33:33', '2019-05-24 04:33:33'),
(1280, 25, 24, '2019-05-24 04:33:33', '2019-05-24 04:33:33'),
(1281, 1, 19, '2019-05-24 04:33:33', '2019-05-24 04:33:33'),
(1282, 14, 9, '2019-05-24 04:33:34', '2019-05-24 04:33:34'),
(1283, 13, 10, '2019-05-24 04:33:34', '2019-05-24 04:33:34'),
(1284, 10, 7, '2019-05-24 04:33:34', '2019-05-24 04:33:34'),
(1285, 4, 29, '2019-05-24 04:33:34', '2019-05-24 04:33:34'),
(1286, 11, 25, '2019-05-24 04:33:34', '2019-05-24 04:33:34'),
(1287, 1, 16, '2019-05-24 04:33:34', '2019-05-24 04:33:34'),
(1288, 11, 23, '2019-05-24 04:33:34', '2019-05-24 04:33:34'),
(1289, 26, 6, '2019-05-24 04:33:34', '2019-05-24 04:33:34'),
(1290, 27, 28, '2019-05-24 04:33:34', '2019-05-24 04:33:34'),
(1291, 23, 22, '2019-05-24 04:33:34', '2019-05-24 04:33:34'),
(1292, 20, 14, '2019-05-24 04:33:34', '2019-05-24 04:33:34'),
(1293, 20, 21, '2019-05-24 04:33:34', '2019-05-24 04:33:34'),
(1294, 23, 18, '2019-05-24 04:33:34', '2019-05-24 04:33:34'),
(1295, 23, 7, '2019-05-24 04:33:34', '2019-05-24 04:33:34'),
(1296, 7, 10, '2019-05-24 04:33:34', '2019-05-24 04:33:34'),
(1297, 7, 22, '2019-05-24 04:33:34', '2019-05-24 04:33:34'),
(1298, 31, 17, '2019-05-24 04:33:34', '2019-05-24 04:33:34'),
(1299, 29, 30, '2019-05-24 04:33:34', '2019-05-24 04:33:34'),
(1300, 31, 18, '2019-05-24 04:33:35', '2019-05-24 04:33:35'),
(1301, 25, 25, '2019-05-24 04:33:35', '2019-05-24 04:33:35'),
(1302, 20, 16, '2019-05-24 04:33:35', '2019-05-24 04:33:35'),
(1303, 19, 8, '2019-05-24 04:33:35', '2019-05-24 04:33:35'),
(1304, 24, 22, '2019-05-24 04:33:35', '2019-05-24 04:33:35'),
(1305, 25, 3, '2019-05-24 04:33:35', '2019-05-24 04:33:35'),
(1306, 16, 5, '2019-05-24 04:33:35', '2019-05-24 04:33:35'),
(1307, 18, 24, '2019-05-24 04:33:35', '2019-05-24 04:33:35'),
(1308, 13, 3, '2019-05-24 04:33:35', '2019-05-24 04:33:35'),
(1309, 19, 12, '2019-05-24 04:33:35', '2019-05-24 04:33:35'),
(1310, 9, 6, '2019-05-24 04:33:35', '2019-05-24 04:33:35'),
(1311, 14, 13, '2019-05-24 04:33:35', '2019-05-24 04:33:35'),
(1312, 26, 23, '2019-05-24 04:33:35', '2019-05-24 04:33:35'),
(1313, 16, 10, '2019-05-24 04:33:35', '2019-05-24 04:33:35'),
(1314, 3, 26, '2019-05-24 04:33:35', '2019-05-24 04:33:35'),
(1315, 19, 25, '2019-05-24 04:33:35', '2019-05-24 04:33:35'),
(1316, 10, 15, '2019-05-24 04:33:35', '2019-05-24 04:33:35'),
(1317, 30, 22, '2019-05-24 04:33:35', '2019-05-24 04:33:35'),
(1318, 9, 2, '2019-05-24 04:33:36', '2019-05-24 04:33:36'),
(1319, 19, 4, '2019-05-24 04:33:36', '2019-05-24 04:33:36'),
(1320, 3, 8, '2019-05-24 04:33:36', '2019-05-24 04:33:36'),
(1321, 15, 11, '2019-05-24 04:33:36', '2019-05-24 04:33:36'),
(1322, 19, 3, '2019-05-24 04:33:36', '2019-05-24 04:33:36'),
(1323, 1, 30, '2019-05-24 04:33:36', '2019-05-24 04:33:36'),
(1324, 26, 14, '2019-05-24 04:33:36', '2019-05-24 04:33:36'),
(1325, 14, 23, '2019-05-24 04:33:36', '2019-05-24 04:33:36'),
(1326, 7, 16, '2019-05-24 04:33:36', '2019-05-24 04:33:36'),
(1327, 13, 20, '2019-05-24 04:33:36', '2019-05-24 04:33:36'),
(1328, 12, 10, '2019-05-24 04:33:36', '2019-05-24 04:33:36'),
(1329, 15, 28, '2019-05-24 04:33:37', '2019-05-24 04:33:37'),
(1330, 27, 9, '2019-05-24 04:33:37', '2019-05-24 04:33:37'),
(1331, 32, 4, '2019-05-24 05:03:55', '2019-05-24 05:03:55');

-- --------------------------------------------------------

--
-- Table structure for table `users`
--

CREATE TABLE `users` (
  `id` bigint(20) UNSIGNED NOT NULL,
  `name` varchar(191) COLLATE utf8mb4_unicode_ci NOT NULL,
  `role` enum('member','admin') COLLATE utf8mb4_unicode_ci NOT NULL,
  `email` varchar(191) COLLATE utf8mb4_unicode_ci NOT NULL,
  `email_verified_at` timestamp NULL DEFAULT NULL,
  `username` varchar(191) COLLATE utf8mb4_unicode_ci NOT NULL,
  `password` varchar(191) COLLATE utf8mb4_unicode_ci NOT NULL,
  `avatar` varchar(191) COLLATE utf8mb4_unicode_ci NOT NULL DEFAULT 'avatars/1.png',
  `provider` varchar(191) COLLATE utf8mb4_unicode_ci DEFAULT NULL,
  `provider_id` varchar(191) COLLATE utf8mb4_unicode_ci DEFAULT NULL,
  `remember_token` varchar(100) COLLATE utf8mb4_unicode_ci DEFAULT NULL,
  `created_at` timestamp NULL DEFAULT NULL,
  `updated_at` timestamp NULL DEFAULT NULL
) ENGINE=InnoDB DEFAULT CHARSET=utf8mb4 COLLATE=utf8mb4_unicode_ci;

--
-- Dumping data for table `users`
--

INSERT INTO `users` (`id`, `name`, `role`, `email`, `email_verified_at`, `username`, `password`, `avatar`, `provider`, `provider_id`, `remember_token`, `created_at`, `updated_at`) VALUES
(1, 'Admin 1', 'admin', 'admin1@mail.com', NULL, 'admin1', '$2y$10$FxZFLIFKLA7ShOzHSWoTcO3aXaRrIktBPfTXEsJVt8UUtIoiGqVWO', 'avatars/1.png', NULL, NULL, NULL, '2019-05-24 04:31:56', '2019-05-24 04:31:56'),
(2, 'Dr. Armani Hoppe I', 'member', 'yheaney@example.org', '2019-05-24 04:31:56', 'arlie.swaniawski', '$2y$10$92IXUNpkjO0rOQ5byMi.Ye4oKoEa3Ro9llC/.og/at2.uheWG/igi', 'avatars/1.png', NULL, NULL, 'P6dFWyzzzu', '2019-05-24 04:31:56', '2019-05-24 04:31:56'),
(3, 'William Lehner', 'member', 'sean.luettgen@example.com', '2019-05-24 04:31:56', 'ychamplin', '$2y$10$92IXUNpkjO0rOQ5byMi.Ye4oKoEa3Ro9llC/.og/at2.uheWG/igi', 'avatars/1.png', NULL, NULL, 'kdRVR5QC4Z', '2019-05-24 04:31:56', '2019-05-24 04:31:56'),
(4, 'Vicky Stiedemann', 'member', 'antonina.auer@example.org', '2019-05-24 04:31:56', 'dcummerata', '$2y$10$92IXUNpkjO0rOQ5byMi.Ye4oKoEa3Ro9llC/.og/at2.uheWG/igi', 'avatars/1.png', NULL, NULL, 'HF90ToibrO', '2019-05-24 04:31:57', '2019-05-24 04:31:57'),
(5, 'Rollin Kutch Jr.', 'member', 'evan83@example.org', '2019-05-24 04:31:56', 'pascale.lang', '$2y$10$92IXUNpkjO0rOQ5byMi.Ye4oKoEa3Ro9llC/.og/at2.uheWG/igi', 'avatars/1.png', NULL, NULL, 'DxeGuqfMrK', '2019-05-24 04:31:57', '2019-05-24 04:31:57'),
(6, 'Eula Nolan DVM', 'member', 'xhessel@example.net', '2019-05-24 04:31:56', 'luther31', '$2y$10$92IXUNpkjO0rOQ5byMi.Ye4oKoEa3Ro9llC/.og/at2.uheWG/igi', 'avatars/1.png', NULL, NULL, '1xJRtvsru7', '2019-05-24 04:31:57', '2019-05-24 04:31:57'),
(7, 'Edyth Schiller I', 'member', 'williamson.efrain@example.org', '2019-05-24 04:31:56', 'edwina21', '$2y$10$92IXUNpkjO0rOQ5byMi.Ye4oKoEa3Ro9llC/.og/at2.uheWG/igi', 'avatars/1.png', NULL, NULL, 'eVtkKulf21', '2019-05-24 04:31:57', '2019-05-24 04:31:57'),
(8, 'Maxine Jakubowski', 'member', 'rjaskolski@example.net', '2019-05-24 04:31:56', 'ckertzmann', '$2y$10$92IXUNpkjO0rOQ5byMi.Ye4oKoEa3Ro9llC/.og/at2.uheWG/igi', 'avatars/1.png', NULL, NULL, 's1uvP0cKhI', '2019-05-24 04:31:57', '2019-05-24 04:31:57'),
(9, 'Dr. Gordon Sauer', 'member', 'theathcote@example.com', '2019-05-24 04:31:56', 'demarco.turner', '$2y$10$92IXUNpkjO0rOQ5byMi.Ye4oKoEa3Ro9llC/.og/at2.uheWG/igi', 'avatars/1.png', NULL, NULL, 'NQfdMrmzd3', '2019-05-24 04:31:57', '2019-05-24 04:31:57'),
(10, 'Kieran Jones', 'member', 'shanahan.angus@example.org', '2019-05-24 04:31:56', 'tillman.yundt', '$2y$10$92IXUNpkjO0rOQ5byMi.Ye4oKoEa3Ro9llC/.og/at2.uheWG/igi', 'avatars/1.png', NULL, NULL, '54Okj4vemU', '2019-05-24 04:31:57', '2019-05-24 04:31:57'),
(11, 'Muriel Heidenreich', 'member', 'qritchie@example.com', '2019-05-24 04:31:56', 'russell.mraz', '$2y$10$92IXUNpkjO0rOQ5byMi.Ye4oKoEa3Ro9llC/.og/at2.uheWG/igi', 'avatars/1.png', NULL, NULL, 'DrVHMwtFXQ', '2019-05-24 04:31:58', '2019-05-24 04:31:58'),
(12, 'Jana Wiza Sr.', 'member', 'geraldine47@example.org', '2019-05-24 04:31:56', 'zboncak.conrad', '$2y$10$92IXUNpkjO0rOQ5byMi.Ye4oKoEa3Ro9llC/.og/at2.uheWG/igi', 'avatars/1.png', NULL, NULL, '4MCeu021XY', '2019-05-24 04:31:58', '2019-05-24 04:31:58'),
(13, 'Jennie Nienow', 'member', 'howell.roberto@example.com', '2019-05-24 04:31:56', 'ledner.bonita', '$2y$10$92IXUNpkjO0rOQ5byMi.Ye4oKoEa3Ro9llC/.og/at2.uheWG/igi', 'avatars/1.png', NULL, NULL, 'xJY31IKwQY', '2019-05-24 04:31:58', '2019-05-24 04:31:58'),
(14, 'Ashlee Volkman IV', 'member', 'augustus.schimmel@example.net', '2019-05-24 04:31:56', 'kelvin.monahan', '$2y$10$92IXUNpkjO0rOQ5byMi.Ye4oKoEa3Ro9llC/.og/at2.uheWG/igi', 'avatars/1.png', NULL, NULL, 'WSvOl0fyjw', '2019-05-24 04:31:58', '2019-05-24 04:31:58'),
(15, 'Maurine Harvey', 'member', 'dean55@example.net', '2019-05-24 04:31:56', 'obecker', '$2y$10$92IXUNpkjO0rOQ5byMi.Ye4oKoEa3Ro9llC/.og/at2.uheWG/igi', 'avatars/1.png', NULL, NULL, 'DiMuEDXUI5', '2019-05-24 04:31:58', '2019-05-24 04:31:58'),
(16, 'Sincere Haley', 'member', 'rfritsch@example.net', '2019-05-24 04:31:56', 'ernser.jakob', '$2y$10$92IXUNpkjO0rOQ5byMi.Ye4oKoEa3Ro9llC/.og/at2.uheWG/igi', 'avatars/1.png', NULL, NULL, 'XTJDC8YZX5', '2019-05-24 04:31:58', '2019-05-24 04:31:58'),
(17, 'Ms. Isabell Goodwin', 'member', 'rashad.kunde@example.net', '2019-05-24 04:31:56', 'iwunsch', '$2y$10$92IXUNpkjO0rOQ5byMi.Ye4oKoEa3Ro9llC/.og/at2.uheWG/igi', 'avatars/1.png', NULL, NULL, 'qeNln57LMw', '2019-05-24 04:31:58', '2019-05-24 04:31:58'),
(18, 'Nichole Smith', 'member', 'llegros@example.net', '2019-05-24 04:31:56', 'robbie.durgan', '$2y$10$92IXUNpkjO0rOQ5byMi.Ye4oKoEa3Ro9llC/.og/at2.uheWG/igi', 'avatars/1.png', NULL, NULL, 'm3NB2qwdwf', '2019-05-24 04:31:58', '2019-05-24 04:31:58'),
(19, 'Ivory Strosin', 'member', 'bvon@example.net', '2019-05-24 04:31:56', 'alvis.jakubowski', '$2y$10$92IXUNpkjO0rOQ5byMi.Ye4oKoEa3Ro9llC/.og/at2.uheWG/igi', 'avatars/1.png', NULL, NULL, 'IKtqqxQoB0', '2019-05-24 04:31:58', '2019-05-24 04:31:58'),
(20, 'Arno Mertz V', 'member', 'rmitchell@example.net', '2019-05-24 04:31:56', 'abdullah25', '$2y$10$92IXUNpkjO0rOQ5byMi.Ye4oKoEa3Ro9llC/.og/at2.uheWG/igi', 'avatars/1.png', NULL, NULL, '1G2cPbz6Fb', '2019-05-24 04:31:58', '2019-05-24 04:31:58'),
(21, 'Icie Kozey', 'member', 'tthiel@example.net', '2019-05-24 04:31:56', 'langworth.karlie', '$2y$10$92IXUNpkjO0rOQ5byMi.Ye4oKoEa3Ro9llC/.og/at2.uheWG/igi', 'avatars/1.png', NULL, NULL, 'pHYY12VONo', '2019-05-24 04:31:58', '2019-05-24 04:31:58'),
(22, 'Nikolas Collins', 'member', 'mann.gisselle@example.org', '2019-05-24 04:31:56', 'cathrine00', '$2y$10$92IXUNpkjO0rOQ5byMi.Ye4oKoEa3Ro9llC/.og/at2.uheWG/igi', 'avatars/1.png', NULL, NULL, '0YAyetSW7E', '2019-05-24 04:31:58', '2019-05-24 04:31:58'),
(23, 'Miss Sonia Rau', 'member', 'mikayla39@example.org', '2019-05-24 04:31:56', 'hintz.josie', '$2y$10$92IXUNpkjO0rOQ5byMi.Ye4oKoEa3Ro9llC/.og/at2.uheWG/igi', 'avatars/1.png', NULL, NULL, 'Pa32gKdClc', '2019-05-24 04:31:58', '2019-05-24 04:31:58'),
(24, 'Ona Cole', 'member', 'toconner@example.net', '2019-05-24 04:31:56', 'emard.mose', '$2y$10$92IXUNpkjO0rOQ5byMi.Ye4oKoEa3Ro9llC/.og/at2.uheWG/igi', 'avatars/1.png', NULL, NULL, 'ZURjDAi6SU', '2019-05-24 04:31:58', '2019-05-24 04:31:58'),
(25, 'Catalina Feest', 'member', 'greenfelder.patsy@example.org', '2019-05-24 04:31:56', 'jesus89', '$2y$10$92IXUNpkjO0rOQ5byMi.Ye4oKoEa3Ro9llC/.og/at2.uheWG/igi', 'avatars/1.png', NULL, NULL, 'yi6j6qFOE3', '2019-05-24 04:31:58', '2019-05-24 04:31:58'),
(26, 'Federico Gleichner', 'member', 'dubuque.annamae@example.net', '2019-05-24 04:31:56', 'njenkins', '$2y$10$92IXUNpkjO0rOQ5byMi.Ye4oKoEa3Ro9llC/.og/at2.uheWG/igi', 'avatars/1.png', NULL, NULL, 'bn00ULLfQ8', '2019-05-24 04:31:58', '2019-05-24 04:31:58'),
(27, 'Mr. Deven Gottlieb', 'member', 'qwisozk@example.net', '2019-05-24 04:31:56', 'ikutch', '$2y$10$92IXUNpkjO0rOQ5byMi.Ye4oKoEa3Ro9llC/.og/at2.uheWG/igi', 'avatars/1.png', NULL, NULL, 'xwRIhkM1TI', '2019-05-24 04:31:58', '2019-05-24 04:31:58'),
(28, 'Lea Dietrich III', 'member', 'jensen.okuneva@example.org', '2019-05-24 04:31:56', 'austen71', '$2y$10$92IXUNpkjO0rOQ5byMi.Ye4oKoEa3Ro9llC/.og/at2.uheWG/igi', 'avatars/1.png', NULL, NULL, '4iya5VdPm8', '2019-05-24 04:31:58', '2019-05-24 04:31:58'),
(29, 'Erich Kuhlman', 'member', 'shaun81@example.org', '2019-05-24 04:31:56', 'jerrold28', '$2y$10$92IXUNpkjO0rOQ5byMi.Ye4oKoEa3Ro9llC/.og/at2.uheWG/igi', 'avatars/1.png', NULL, NULL, 'zLvSc23Hh4', '2019-05-24 04:31:58', '2019-05-24 04:31:58'),
(30, 'Daisy Gutmann', 'member', 'ipfannerstill@example.org', '2019-05-24 04:31:56', 'fahey.louvenia', '$2y$10$92IXUNpkjO0rOQ5byMi.Ye4oKoEa3Ro9llC/.og/at2.uheWG/igi', 'avatars/1.png', NULL, NULL, 'QugSvDh93k', '2019-05-24 04:31:58', '2019-05-24 04:31:58'),
(31, 'Ruthe Crooks', 'member', 'qcarroll@example.com', '2019-05-24 04:31:56', 'wiegand.sabryna', '$2y$10$92IXUNpkjO0rOQ5byMi.Ye4oKoEa3Ro9llC/.og/at2.uheWG/igi', 'avatars/1.png', NULL, NULL, 'mt0zIrHCFQ', '2019-05-24 04:31:58', '2019-05-24 04:31:58'),
(32, 'ujang', 'member', 'ujang@mail.com', NULL, 'ujang1', '$2y$10$RKNrp5RKfT9tUtodpwPl2u117VoGVKGH1awbwEmx3OsZ2iWSxXcIy', 'avatars/fMCefDOLfNRFC2QIAElWRbkK5PVPtyQoWoYJyWHa.png', NULL, NULL, NULL, '2019-05-24 05:03:36', '2019-05-24 05:03:36');

--
-- Indexes for dumped tables
--

--
-- Indexes for table `comments`
--
ALTER TABLE `comments`
  ADD PRIMARY KEY (`id`),
  ADD KEY `comments_user_id_foreign` (`user_id`),
  ADD KEY `comments_post_id_foreign` (`post_id`);

--
-- Indexes for table `comunities`
--
ALTER TABLE `comunities`
  ADD PRIMARY KEY (`id`);

--
-- Indexes for table `eventcomunity`
--
ALTER TABLE `eventcomunity`
  ADD PRIMARY KEY (`id`),
  ADD KEY `eventcomunity_event_id_foreign` (`event_id`),
  ADD KEY `eventcomunity_comunity_id_foreign` (`comunity_id`);

--
-- Indexes for table `events`
--
ALTER TABLE `events`
  ADD PRIMARY KEY (`id`);

--
-- Indexes for table `migrations`
--
ALTER TABLE `migrations`
  ADD PRIMARY KEY (`id`);

--
-- Indexes for table `password_resets`
--
ALTER TABLE `password_resets`
  ADD KEY `password_resets_email_index` (`email`);

--
-- Indexes for table `posts`
--
ALTER TABLE `posts`
  ADD PRIMARY KEY (`id`),
  ADD KEY `posts_user_id_foreign` (`user_id`),
  ADD KEY `posts_comunity_id_foreign` (`comunity_id`);

--
-- Indexes for table `statuses`
--
ALTER TABLE `statuses`
  ADD PRIMARY KEY (`id`),
  ADD KEY `statuses_user_id_foreign` (`user_id`);

--
-- Indexes for table `usercomunity`
--
ALTER TABLE `usercomunity`
  ADD PRIMARY KEY (`id`),
  ADD KEY `usercomunity_user_id_foreign` (`user_id`),
  ADD KEY `usercomunity_comunity_id_foreign` (`comunity_id`);

--
-- Indexes for table `users`
--
ALTER TABLE `users`
  ADD PRIMARY KEY (`id`),
  ADD UNIQUE KEY `users_email_unique` (`email`);

--
-- AUTO_INCREMENT for dumped tables
--

--
-- AUTO_INCREMENT for table `comments`
--
ALTER TABLE `comments`
  MODIFY `id` bigint(20) UNSIGNED NOT NULL AUTO_INCREMENT, AUTO_INCREMENT=31;

--
-- AUTO_INCREMENT for table `comunities`
--
ALTER TABLE `comunities`
  MODIFY `id` bigint(20) UNSIGNED NOT NULL AUTO_INCREMENT, AUTO_INCREMENT=31;

--
-- AUTO_INCREMENT for table `eventcomunity`
--
ALTER TABLE `eventcomunity`
  MODIFY `id` bigint(20) UNSIGNED NOT NULL AUTO_INCREMENT, AUTO_INCREMENT=302;

--
-- AUTO_INCREMENT for table `events`
--
ALTER TABLE `events`
  MODIFY `id` bigint(20) UNSIGNED NOT NULL AUTO_INCREMENT, AUTO_INCREMENT=32;

--
-- AUTO_INCREMENT for table `migrations`
--
ALTER TABLE `migrations`
  MODIFY `id` int(10) UNSIGNED NOT NULL AUTO_INCREMENT, AUTO_INCREMENT=16;

--
-- AUTO_INCREMENT for table `posts`
--
ALTER TABLE `posts`
  MODIFY `id` bigint(20) UNSIGNED NOT NULL AUTO_INCREMENT, AUTO_INCREMENT=31;

--
-- AUTO_INCREMENT for table `statuses`
--
ALTER TABLE `statuses`
  MODIFY `id` bigint(20) UNSIGNED NOT NULL AUTO_INCREMENT, AUTO_INCREMENT=31;

--
-- AUTO_INCREMENT for table `usercomunity`
--
ALTER TABLE `usercomunity`
  MODIFY `id` bigint(20) UNSIGNED NOT NULL AUTO_INCREMENT, AUTO_INCREMENT=1332;

--
-- AUTO_INCREMENT for table `users`
--
ALTER TABLE `users`
  MODIFY `id` bigint(20) UNSIGNED NOT NULL AUTO_INCREMENT, AUTO_INCREMENT=33;

--
-- Constraints for dumped tables
--

--
-- Constraints for table `comments`
--
ALTER TABLE `comments`
  ADD CONSTRAINT `comments_post_id_foreign` FOREIGN KEY (`post_id`) REFERENCES `posts` (`id`) ON DELETE CASCADE ON UPDATE CASCADE,
  ADD CONSTRAINT `comments_user_id_foreign` FOREIGN KEY (`user_id`) REFERENCES `users` (`id`) ON DELETE CASCADE ON UPDATE CASCADE;

--
-- Constraints for table `eventcomunity`
--
ALTER TABLE `eventcomunity`
  ADD CONSTRAINT `eventcomunity_comunity_id_foreign` FOREIGN KEY (`comunity_id`) REFERENCES `comunities` (`id`) ON DELETE CASCADE ON UPDATE CASCADE,
  ADD CONSTRAINT `eventcomunity_event_id_foreign` FOREIGN KEY (`event_id`) REFERENCES `events` (`id`) ON DELETE CASCADE ON UPDATE CASCADE;

--
-- Constraints for table `posts`
--
ALTER TABLE `posts`
  ADD CONSTRAINT `posts_comunity_id_foreign` FOREIGN KEY (`comunity_id`) REFERENCES `comunities` (`id`) ON DELETE CASCADE ON UPDATE CASCADE,
  ADD CONSTRAINT `posts_user_id_foreign` FOREIGN KEY (`user_id`) REFERENCES `users` (`id`) ON DELETE CASCADE ON UPDATE CASCADE;

--
-- Constraints for table `statuses`
--
ALTER TABLE `statuses`
  ADD CONSTRAINT `statuses_user_id_foreign` FOREIGN KEY (`user_id`) REFERENCES `users` (`id`) ON DELETE CASCADE ON UPDATE CASCADE;

--
-- Constraints for table `usercomunity`
--
ALTER TABLE `usercomunity`
  ADD CONSTRAINT `usercomunity_comunity_id_foreign` FOREIGN KEY (`comunity_id`) REFERENCES `comunities` (`id`) ON DELETE CASCADE ON UPDATE CASCADE,
  ADD CONSTRAINT `usercomunity_user_id_foreign` FOREIGN KEY (`user_id`) REFERENCES `users` (`id`) ON DELETE CASCADE ON UPDATE CASCADE;
COMMIT;

/*!40101 SET CHARACTER_SET_CLIENT=@OLD_CHARACTER_SET_CLIENT */;
/*!40101 SET CHARACTER_SET_RESULTS=@OLD_CHARACTER_SET_RESULTS */;
/*!40101 SET COLLATION_CONNECTION=@OLD_COLLATION_CONNECTION */;
